Afghanistan,2015,Developing,65,263,62,0.01,71.27962362,65
Afghanistan,2014,Developing,59.9,271,64,0.01,73.52358168,62
Afghanistan,2013,Developing,59.9,268,66,0.01,73.21924272,64
Afghanistan,2012,Developing,59.5,272,69,0.01,78.1842153,67
Afghanistan,2011,Developing,59.2,275,71,0.01,7.097108703,68
Afghanistan,2010,Developing,58.8,279,74,0.01,79.67936736,66
Afghanistan,2009,Developing,58.6,281,77,0.01,56.76221682,63
Afghanistan,2008,Developing,58.1,287,80,0.03,25.87392536,64
Afghanistan,2007,Developing,57.5,295,82,0.02,10.91015598,63
Afghanistan,2006,Developing,57.3,295,84,0.03,17.17151751,64
Afghanistan,2005,Developing,57.3,291,85,0.02,1.388647732,66
Afghanistan,2004,Developing,57,293,87,0.02,15.29606643,67
Afghanistan,2003,Developing,56.7,295,87,0.01,11.08905273,65
Afghanistan,2002,Developing,56.2,3,88,0.01,16.88735091,64
Afghanistan,2001,Developing,55.3,316,88,0.01,10.5747282,63
Afghanistan,2000,Developing,54.8,321,88,0.01,10.42496,62
Albania,2015,Developing,77.8,74,0,4.6,364.9752287,99
Albania,2014,Developing,77.5,8,0,4.51,428.7490668,98
Albania,2013,Developing,77.2,84,0,4.76,430.8769785,99
Albania,2012,Developing,76.9,86,0,5.14,412.4433563,99
Albania,2011,Developing,76.6,88,0,5.37,437.0621,99
Albania,2010,Developing,76.2,91,1,5.28,41.82275719,99
Albania,2009,Developing,76.1,91,1,5.79,348.0559517,98
Albania,2008,Developing,75.3,1,1,5.61,36.62206845,99
Albania,2007,Developing,75.9,9,1,5.58,32.24655228,98
Albania,2006,Developing,74.2,99,1,5.31,3.3021542,98
Albania,2005,Developing,73.5,15,1,5.16,26.99312143,98
Albania,2004,Developing,73,17,1,4.54,221.8428,99
Albania,2003,Developing,72.8,18,1,4.29,14.71928882,97
Albania,2002,Developing,73.3,15,1,3.73,104.5169157,96
Albania,2001,Developing,73.6,14,1,4.25,96.20557078,96
Albania,2000,Developing,72.6,11,1,3.66,91.71154052,96
Algeria,2014,Developing,75.4,11,21,0.01,54.2373183,95
Algeria,2013,Developing,75.3,112,21,0.53,544.4507432,95
Algeria,2012,Developing,75.1,113,21,0.66,555.9260834,95
Algeria,2011,Developing,74.9,116,21,0.56,509.0020405,95
Algeria,2010,Developing,74.7,119,21,0.45,430.7175861,95
Algeria,2009,Developing,74.4,123,20,0.5,352.0636419,94
Algeria,2008,Developing,74.1,126,20,0.46,43.08717334,91
Algeria,2007,Developing,73.8,129,20,0.44,320.3239241,9
Algeria,2006,Developing,73.4,132,20,0.36,270.2401962,8
Algeria,2005,Developing,72.9,136,19,0.5,2.548922758,83
Algeria,2004,Developing,72.3,14,19,0.45,220.393699,81
Angola,2014,Developing,51.7,348,67,8.33,23.965612,64
Angola,2013,Developing,51.1,355,69,8.1,35.95857279,77
Angola,2012,Developing,56,358,72,8.24,256.1225243,75
Angola,2011,Developing,51,361,75,8.06,239.8913921,72
Angola,2010,Developing,49.6,365,78,7.8,191.6537407,77
Angola,2009,Developing,49.1,369,81,7.01,212.9229325,61
Angola,2008,Developing,48.7,371,84,7.07,249.9101958,69
Angola,2007,Developing,48.2,375,87,6.35,184.8213446,73
Argentina,2014,Developing,76.2,118,8,7.93,847.3717463,94
Argentina,2013,Developing,76,119,8,8.28,1001.796332,94
Argentina,2012,Developing,75.9,12,9,8.35,1133.558003,91
Argentina,2011,Developing,75.7,12,9,8.11,1504.329462,91
Argentina,2010,Developing,75.5,121,10,8.15,187.610955,94
Argentina,2009,Developing,75.6,126,10,8.33,1398.042623,94
Argentina,2008,Developing,75.4,126,10,8.41,1413.73543,9
Argentina,2007,Developing,74.8,129,10,8.16,1105.659031,85
Argentina,2006,Developing,75.2,127,11,7.75,961.1774676,84
Argentina,2005,Developing,74.9,127,11,7.53,96.16653429,88
Argentina,2004,Developing,74.7,13,11,7.63,719.3663797,81
Argentina,2003,Developing,74.1,137,11,7.62,57.58467352,73
Argentina,2002,Developing,74.1,138,12,7.81,470.1869145,66
Armenia,2014,Developing,74.6,12,1,3.91,295.6087143,93
Armenia,2013,Developing,74.4,123,1,3.79,279.4290812,95
Armenia,2012,Developing,74.4,121,1,3.89,274.1526986,95
Armenia,2011,Developing,73.9,128,1,4.09,260.9963826,95
Armenia,2010,Developing,73.5,132,1,4.23,224.3212014,94
Armenia,2009,Developing,73.3,137,1,3.96,201.1855461,93
Armenia,2008,Developing,73.2,14,1,3.96,2.8888979,89
Armenia,2007,Developing,73.5,132,1,3.99,44.57219966,85
Armenia,2006,Developing,72.9,141,1,4.01,244.5352767,78
Armenia,2005,Developing,73,137,1,4.25,20.21822828,91
Armenia,2004,Developing,73,132,1,3.81,97.74087744,91
Armenia,2003,Developing,72.7,134,1,3.03,7.341493148,93
Armenia,2002,Developing,72.6,134,1,2.86,57.17810403,91
Armenia,2001,Developing,72.6,141,1,2.86,53.19373012,69
Armenia,2000,Developing,72,142,1,2.9,32.75626853,55
Australia,2014,Developed,82.7,6,1,9.71,10769.36305,91
Australia,2013,Developed,82.5,61,1,9.87,11734.85381,91
Australia,2012,Developed,82.3,61,1,10.03,11714.99858,91
Australia,2011,Developed,82,63,1,10.3,10986.26527,92
Australia,2010,Developed,81.9,64,1,10.52,8875.786493,92
Australia,2009,Developed,81.7,66,1,10.62,7172.275229,94
Australia,2008,Developed,81.3,66,1,10.76,8547.292357,94
Australia,2007,Developed,81.3,66,1,10.56,872.5986092,94
Australia,2006,Developed,81.2,66,1,10.31,6187.062017,95
Australia,2005,Developed,81,67,1,10.3,579.1331637,95
Australia,2004,Developed,86,69,1,9.84,588.568371,95
Australia,2003,Developed,83,71,1,9.97,3829.550928,95
Australia,2002,Developed,79.9,73,1,9.84,46.3871819,95
Australia,2001,Developed,79.9,75,1,9.53,3064.301144,94
Austria,2014,Developed,81.4,66,0,12.32,8350.193523,98
Austria,2013,Developed,81.1,68,0,11.82,90.58501176,95
Austria,2012,Developed,88,7,0,12.26,7878.372355,92
Austria,2011,Developed,88,73,0,12.04,8272.306757,89
Austria,2010,Developed,84,75,0,12.1,7423.228774,86
Austria,2009,Developed,82,77,0,11.3,8053.557638,83
Austria,2008,Developed,84,76,0,12,8329.731655,83
Austria,2007,Developed,81,8,0,12.5,7453.8644,85
Austria,2006,Developed,79.8,81,0,12.4,69.92899358,83
Austria,2005,Developed,79.4,85,0,12.4,5992.588029,86
Austria,2004,Developed,79.3,86,0,12.1,5316.877456,83
Austria,2003,Developed,78.8,88,0,12.2,504.4308735,83
Austria,2002,Developed,78.7,9,0,12.5,3979.057728,81
Austria,2001,Developed,78.6,92,0,12.4,3582.848308,44
Austria,2000,Developed,78.1,96,0,13.2,3557.455507,33
Azerbaijan,2014,Developing,72.5,119,5,0.01,306.1824313,94
Azerbaijan,2013,Developing,72.2,121,5,2.14,275.6514934,93
Azerbaijan,2012,Developing,71.9,123,5,0.01,285.6103912,88
Azerbaijan,2011,Developing,71.6,125,5,1.98,263.142699,84
Azerbaijan,2010,Developing,71.1,13,5,1.98,246.5686008,8
Azerbaijan,2009,Developing,78,132,6,2.1,22.48638351,74
Azerbaijan,2008,Developing,73,141,6,1.18,206.2616134,68
Azerbaijan,2007,Developing,73,14,6,1.02,176.0107106,62
Azerbaijan,2006,Developing,69.2,154,6,0.85,105.6337264,52
Azerbaijan,2005,Developing,68.4,162,6,0.73,81.28883085,49
Azerbaijan,2004,Developing,68.4,154,6,0.62,8.59680496,5
Azerbaijan,2003,Developing,67.8,154,7,0.55,42.41491183,51
Azerbaijan,2002,Developing,67.8,146,7,0.55,39.33253687,5
Bangladesh,2014,Developing,71.4,132,98,0.01,10.44640334,97
Bangladesh,2013,Developing,71,135,104,0.01,52.82986467,96
Bangladesh,2012,Developing,77,137,111,0.01,59.2589257,94
Bangladesh,2011,Developing,73,14,118,0.01,62.34988484,96
Bangladesh,2010,Developing,69.9,142,126,0.01,62.65945432,94
Bangladesh,2009,Developing,69.5,144,135,0.01,53.26400378,97
Bangladesh,2008,Developing,69.1,147,144,0.01,42.48865034,96
Bangladesh,2007,Developing,68.6,151,154,0.01,46.36536703,95
Bangladesh,2006,Developing,68.2,152,164,0.01,42.3304549,86
Bangladesh,2005,Developing,67.8,155,174,0.01,38.05462002,45
Bangladesh,2004,Developing,67.3,158,185,0.01,4.11469667,11
Bangladesh,2003,Developing,66.8,161,196,0.01,35.48458957,5
Belarus,2014,Developing,72,199,0,13.94,1147.1114,97
Belarus,2013,Developing,71.7,23,0,14.66,1109.854619,98
Belarus,2012,Developing,71.9,194,0,16.35,91.70962117,97
Belarus,2011,Developing,72,232,0,17.31,846.9113071,98
Belarus,2010,Developing,73,222,0,14.44,8.49409518,96
Belarus,2009,Developing,70,226,0,14.09,434.7985025,98
Belarus,2008,Developing,70,224,1,14.67,501.8056141,98
Belarus,2007,Developing,69.8,226,1,14.22,464.077513,91
Belarus,2006,Developing,68.9,243,1,12.6,364.426052,98
Belarus,2005,Developing,68.1,252,1,11.01,45.65007798,99
Belarus,2004,Developing,68.2,247,1,12.05,42.33443901,99
Belarus,2003,Developing,67.7,253,1,11.17,23.83578594,56
Belarus,2002,Developing,67.2,262,1,12.23,145.4233629,99
Belarus,2001,Developing,67.7,254,1,10.74,14.06141699,93
Belarus,2000,Developing,68,247,1,12.98,24.24947846,7
Belgium,2014,Developed,89,76,0,12.6,7163.348923,98
Belgium,2013,Developed,87,77,0,11.77,702.359357,98
Belgium,2012,Developed,83,78,0,10.08,664.4738975,98
Belgium,2011,Developed,83,8,0,10.11,713.5297354,97
Belgium,2010,Developed,80,81,0,10.22,665.7356115,97
Belgium,2009,Developed,79.8,85,0,10.05,671.9376566,97
Belgium,2008,Developed,79.5,87,0,10.47,7191.051507,98
Belgium,2007,Developed,79.5,86,0,10.25,640.3560918,94
Belgium,2006,Developed,79.4,85,0,10.98,5579.199083,94
Belgium,2005,Developed,78.9,89,0,12.27,5068.214488,77
Belgium,2004,Developed,78.8,91,1,12.05,5160.508378,64
Belgium,2003,Developed,78.3,95,0,11.28,507.306164,64
Belgium,2002,Developed,78,99,1,11.29,320.3177664,6
Belgium,2001,Developed,78,1,1,11.01,2943.375396,6
Belgium,2000,Developed,77.6,11,1,11.21,287.2084529,6
Belize,2014,Developing,70,177,0,6.58,670.0920883,95
Belize,2013,Developing,69.8,18,0,6.56,629.2018591,95
Belize,2012,Developing,69.4,189,0,6.66,582.8027185,98
Belize,2011,Developing,69.4,188,0,6.64,605.6286892,95
Belize,2010,Developing,69.5,186,0,6.76,569.9527122,96
Belize,2009,Developing,69.5,184,0,6.85,549.8096097,97
Belize,2008,Developing,69.6,181,0,7.22,51.25232422,94
Belize,2007,Developing,69.6,181,0,7.24,69.63051047,96
Belize,2006,Developing,69.4,184,0,6.48,387.3324928,98
Belize,2005,Developing,69,191,0,6.25,365.799896,96
Belize,2004,Developing,68.7,197,0,6.2,325.6807462,97
Belize,2003,Developing,68.4,21,0,5.67,312.7995946,96
Belize,2002,Developing,68.5,199,0,4.99,262.8299189,97
Belize,2001,Developing,68.2,21,0,4.9,251.6586929,96
Belize,2000,Developing,68.3,196,0,4.79,219.0239836,76
Benin,2014,Developing,59.7,252,25,0.01,90.12206791,78
Benin,2013,Developing,59.5,251,25,0.01,87.4080423,77
Benin,2012,Developing,59.3,251,25,0.01,9.80407467,8
Benin,2011,Developing,59.1,251,25,1.4,110.2633619,75
Benin,2010,Developing,58.7,254,25,1.33,94.25737917,76
Benin,2009,Developing,58.4,259,25,1.16,71.01399249,79
Benin,2008,Developing,57.6,278,25,1.28,7.615430126,75
Benin,2007,Developing,57.1,283,25,1.12,7.49281752,82
Benin,2006,Developing,56.8,284,25,1.19,75.91429496,74
Benin,2005,Developing,56.5,285,25,1.13,7.106997355,7
Benin,2004,Developing,56.1,285,25,1.15,10.73628066,75
Benin,2003,Developing,55.8,285,25,1.35,8.931827297,73
Benin,2002,Developing,55.6,283,25,1.23,40.48815233,15
Bhutan,2014,Developing,69.4,216,0,0.01,209.3921344,99
Bhutan,2013,Developing,69.1,219,0,0.01,19.79057439,97
Bhutan,2012,Developing,68.7,223,0,0.01,188.7373664,97
Bhutan,2011,Developing,68.3,225,0,0.23,289.8524057,95
Bhutan,2010,Developing,67.9,228,1,0.28,244.0391949,91
Bhutan,2009,Developing,67.4,232,1,0.17,27.48907048,93
Bhutan,2008,Developing,67,234,1,0.21,302.667579,96
Bhutan,2007,Developing,66.5,238,1,0.16,283.806236,95
Bhutan,2006,Developing,65.8,245,1,0.29,169.2023968,95
Bhutan,2005,Developing,65,254,1,0.73,145.5965445,95
Bhutan,2004,Developing,64.2,263,1,0.96,2.586698228,89
Bhutan,2003,Developing,63.3,273,1,0.52,19.15664091,95
Bhutan,2002,Developing,62.5,282,1,0.29,151.9755193,83
Bhutan,2001,Developing,61.7,29,1,0.14,8.574029812,89
Bhutan,2000,Developing,62,312,1,0.17,93.35872844,98
Bosnia and Herzegovina,2014,Developing,77.2,89,0,4.03,732.8662491,89
Bosnia and Herzegovina,2013,Developing,77,9,0,4.12,75.61062911,91
Bosnia and Herzegovina,2012,Developing,76.8,92,0,4.61,693.8226461,92
Bosnia and Herzegovina,2011,Developing,76.9,92,0,4.64,7.959131146,88
Bosnia and Herzegovina,2010,Developing,76.4,94,0,4.54,630.3883564,89
Bosnia and Herzegovina,2009,Developing,76.1,97,0,4.75,645.021302,9
Bosnia and Herzegovina,2008,Developing,76,98,0,5.13,66.04635027,88
Bosnia and Herzegovina,2007,Developing,75.4,16,0,5.16,8.240355867,94
Bosnia and Herzegovina,2006,Developing,75.7,1,0,4.82,38.25414065,9
Bosnia and Herzegovina,2005,Developing,75,12,0,4.56,45.71354264,93
Bosnia and Herzegovina,2004,Developing,75.5,99,0,4.25,3.479918859,36
Botswana,2014,Developing,65.1,268,2,0.01,662.802194,95
Botswana,2013,Developing,64.2,286,2,0.01,1.117811275,95
Botswana,2012,Developing,63.4,3,2,0.01,12.83447357,95
Botswana,2011,Developing,62.2,325,2,5.76,668.9562854,95
Botswana,2010,Developing,61.1,349,2,5.99,547.0386679,95
Botswana,2009,Developing,59.2,393,2,5.01,426.7855662,94
Botswana,2008,Developing,57.5,427,2,6.56,476.8625872,94
Botswana,2007,Developing,56.9,436,2,6.21,512.5887995,93
Botswana,2006,Developing,54.8,491,2,6.45,76.31867911,93
Botswana,2005,Developing,51.7,566,2,6.37,629.8425643,92
Botswana,2004,Developing,48.1,652,2,4.9,469.5823898,91
Botswana,2003,Developing,46.4,693,2,5.51,299.3671252,9
Botswana,2002,Developing,46,699,2,6.41,6.3300072,88
Botswana,2001,Developing,46.7,679,2,5.48,306.9527349,87
Botswana,2000,Developing,47.8,647,2,5.37,250.8916484,86
Brazil,2014,Developing,74.8,144,44,7.32,83.16465362,96
Brazil,2013,Developing,74.7,146,46,7.24,916.270845,96
Brazil,2012,Developing,74.5,148,49,7.55,843.1946259,96
Brazil,2011,Developing,74.1,152,51,7.58,1084.999766,98
Brazil,2010,Developing,73.8,154,54,7.52,1111.191325,96
Brazil,2009,Developing,73.6,157,57,7.33,564.5233902,99
Brazil,2008,Developing,73.4,158,61,7.21,526.3780636,96
Brazil,2007,Developing,73.3,159,65,7.19,394.9321299,99
Brazil,2006,Developing,73,161,70,7.1,30.30374691,99
Brazil,2005,Developing,72.7,163,75,6.97,23.76370075,98
Brazil,2004,Developing,72,17,81,6.85,186.6090485,96
Brazil,2003,Developing,71.8,172,88,6.95,15.85781237,97
Brazil,2002,Developing,71.4,176,95,7,140.9824766,92
Brazil,2001,Developing,71,179,103,7.13,149.4802091,91
Brazil,2000,Developing,75,183,111,7.26,179.4777293,94
Bulgaria,2014,Developed,74.3,138,1,12.03,153.1400362,95
Bulgaria,2013,Developed,74.1,14,1,12.06,149.659879,95
Bulgaria,2012,Developed,73.9,139,1,10.99,851.450672,95
Bulgaria,2011,Developed,73.7,144,1,10.67,875.1495189,96
Bulgaria,2010,Developed,73.4,147,1,10.8,766.4454884,95
Bulgaria,2009,Developed,73.2,152,1,10.93,661.5144334,96
Bulgaria,2008,Developed,72.9,155,1,10.98,107.9826127,96
Bulgaria,2007,Developed,72.6,157,1,10.89,591.5100978,95
Bulgaria,2006,Developed,72.2,161,1,10.39,508.6304588,96
Bulgaria,2005,Developed,72.1,16,1,10.48,456.3404657,96
Bulgaria,2004,Developed,72.2,157,1,10.96,384.1473028,94
Bulgaria,2003,Developed,72,155,1,11.19,32.38616103,96
Bulgaria,2002,Developed,71.8,157,1,10.2,33.26778134,88
Bulgaria,2001,Developed,71.6,16,1,10.72,25.06262895,93
Bulgaria,2000,Developed,71.1,163,1,9.69,15.2357274,94
Burkina Faso,2014,Developing,59.3,268,39,0.01,8.386339501,91
Burkina Faso,2013,Developing,59,27,40,4.64,88.97040214,88
Burkina Faso,2012,Developing,58.6,271,41,4.75,78.76987363,9
Burkina Faso,2011,Developing,58.1,275,42,4.51,85.55592906,91
Burkina Faso,2010,Developing,57.5,279,43,4.55,90.46018236,91
Burkina Faso,2009,Developing,56.9,283,44,4.55,81.14304705,92
Burkina Faso,2008,Developing,56.1,288,45,4.5,107.7988339,93
Burkina Faso,2007,Developing,55.3,293,46,4.58,73.92730583,89
Burkina Faso,2006,Developing,54.3,32,47,4.73,64.24025208,76
Burundi,2014,Developing,59.1,297,22,0.01,41.25159038,95
Burundi,2013,Developing,58.6,33,22,0.01,40.15128458,96
Burundi,2012,Developing,58,312,22,0.01,38.73170505,96
Burundi,2011,Developing,57.4,321,22,4.16,3.595980333,96
Burundi,2010,Developing,56.8,33,23,4.16,31.14187566,96
Burundi,2009,Developing,56.2,338,23,4.05,2.030494673,94
Burundi,2008,Developing,55.3,35,23,4.33,15.99415192,92
Burundi,2007,Developing,54.8,355,24,4.54,1.72659515,99
Burundi,2006,Developing,54.1,361,24,4.5,21.24915339,92
Burundi,2005,Developing,53.4,369,24,5.54,1.747440948,87
Burundi,2004,Developing,52.6,378,24,5.72,11.22655347,83
Cabo Verde,2014,Developing,73,117,0,0.01,414.0242418,97
Cabo Verde,2013,Developing,72.8,12,0,0.01,325.6298627,94
Cabo Verde,2012,Developing,72.7,121,0,0.01,33.55888998,94
Cabo Verde,2011,Developing,72.6,122,0,5.07,4.409153436,9
Cabo Verde,2010,Developing,72.5,123,0,4.75,286.8907303,98
Cabo Verde,2009,Developing,72.4,124,0,4.45,339.9777364,98
Cabo Verde,2008,Developing,72.4,124,0,4.16,360.6208825,98
Cabo Verde,2007,Developing,72.3,126,0,5.28,345.463714,96
Cabo Verde,2006,Developing,72.1,129,0,4.25,26.45133197,95
Cabo Verde,2005,Developing,71.8,134,0,4.26,3.349816965,93
Cabo Verde,2004,Developing,71.4,14,0,4.19,240.139715,91
Cabo Verde,2003,Developing,71.1,144,0,4.16,209.0865,66
Cabo Verde,2002,Developing,77,148,0,3.82,155.2072669,4
Cambodia,2014,Developing,68.3,179,11,0.01,12.17952064,88
Cambodia,2013,Developing,67.8,183,11,0.01,8.758214538,83
Cambodia,2012,Developing,67.4,186,12,0.01,6.914723983,86
Cambodia,2011,Developing,67,19,13,2.12,60.18591771,88
Cambodia,2010,Developing,66.6,192,14,2.2,56.88416481,89
Cambodia,2009,Developing,66.1,195,15,2.13,48.35423978,92
Cambodia,2008,Developing,65.6,199,16,2.24,53.10009046,91
Cambodia,2007,Developing,65,24,16,2.08,57.73516711,82
Cambodia,2006,Developing,64.1,216,17,2.03,51.50447119,8
Cameroon,2014,Developing,56.7,366,47,0.01,61.39263642,87
Cameroon,2013,Developing,56.4,364,48,0.01,63.07890158,89
Cameroon,2012,Developing,55.9,369,50,0.01,68.55839112,85
Cameroon,2011,Developing,55.6,371,51,6.19,83.18071241,82
Cameroon,2010,Developing,55.3,37,53,6.15,100.8987451,84
Cameroon,2009,Developing,54.8,373,54,5.89,9.042540892,8
Cameroon,2008,Developing,54.2,382,56,5.9,68.7073044,84
Cameroon,2007,Developing,53.6,395,57,5.44,7.562892922,82
Cameroon,2006,Developing,53.3,394,58,5.22,0.962497052,81
Cameroon,2005,Developing,52.8,4,58,5.03,73.03276195,79
Canada,2014,Developing,82,65,2,8.1,102.1902168,55
Canada,2013,Developing,81.8,67,2,8.2,9733.228019,55
Canada,2012,Developing,81.6,68,2,8.3,9748.636237,7
Canada,2011,Developing,81.5,68,2,8.2,971.9280384,7
Canada,2010,Developing,81.2,7,2,8.4,8649.674911,56
Canada,2009,Developing,81,72,2,8.4,864.94993,42
Canada,2008,Developing,87,74,2,8.3,8433.936814,28
Canada,2007,Developing,85,74,2,8.3,7946.743581,14
Canada,2006,Developing,85,75,2,8.2,771.1817686,14
Canada,2005,Developing,81,76,2,8,6333.177967,14
Canada,2004,Developing,80,77,2,7.8,5513.329924,14
Canada,2003,Developing,79.7,78,2,7.7,4687.845565,14
Central African Republic,2014,Developing,58,437,15,0.01,53.43964323,47
Central African Republic,2013,Developing,49.9,451,16,0.01,52.37766601,23
Central African Republic,2012,Developing,53,439,16,0.01,7.344808214,47
Central African Republic,2011,Developing,49.8,443,16,1.66,58.52947463,47
Central African Republic,2010,Developing,49.2,446,17,1.67,43.48359197,45
Central African Republic,2009,Developing,48.6,453,17,1.56,40.45156933,42
Chad,2014,Developing,52.6,362,46,0.01,11.3020668,37
Chad,2013,Developing,52.2,366,46,0.64,76.52382535,39
Chad,2012,Developing,51.8,367,46,0.62,57.8242709,4
Chad,2011,Developing,51.6,365,46,0.56,67.76269089,33
Chad,2010,Developing,51.2,364,46,0.5,43.57328908,39
Chad,2009,Developing,57,37,46,0.47,4.982900401,24
Chad,2008,Developing,49.6,394,46,0.45,49.09198224,17
Chile,2014,Developing,83,83,2,7.16,2352.999591,95
Chile,2013,Developing,81,84,2,7.2,2442.222054,9
Chile,2012,Developing,79.9,84,2,6.76,2260.777642,9
Chile,2011,Developing,79.8,86,2,7.26,211.614293,94
Chile,2010,Developing,79.1,89,2,7.93,177.4925143,92
Chile,2009,Developing,79.3,91,2,7.67,181.525923,94
Chile,2008,Developing,79.6,88,2,7.31,241.5533381,95
Chile,2007,Developing,78.9,9,2,7.39,209.4875875,92
Chile,2006,Developing,78.9,91,2,7.33,1275.689625,95
China,2014,Developing,75.8,86,171,5.78,109.8743903,99
China,2013,Developing,75.6,88,185,5.79,9.955532032,99
China,2012,Developing,75.4,89,201,5.74,94.4344566,99
China,2011,Developing,75.2,91,215,5.63,91.26749779,99
China,2010,Developing,75,92,231,5.75,5.660754839,99
China,2009,Developing,74.9,93,248,4.88,50.28348923,99
China,2008,Developing,74.5,97,266,4.27,39.22509728,95
China,2007,Developing,74.4,96,285,3.88,312.6624819,92
China,2006,Developing,74.2,98,307,3.28,29.74342979,91
China,2005,Developing,73.9,99,332,2.92,171.6596026,84
China,2004,Developing,73.5,11,360,3.04,1.58668462,79
China,2003,Developing,73.1,13,391,2.96,122.9365349,75
China,2002,Developing,72.7,16,422,2.91,106.3590358,7
China,2001,Developing,72.2,11,457,2.84,14.23064496,65
China,2000,Developing,71.7,115,490,3.06,17.46057369,6
Colombia,2014,Developing,74.6,144,11,4.38,1435.487755,9
Colombia,2013,Developing,74.4,145,11,4.41,15.16255482,91
Colombia,2012,Developing,74.3,143,11,4.44,1487.896562,92
Colombia,2011,Developing,74.2,144,12,4.37,184.3073618,85
Colombia,2010,Developing,73.6,15,12,4.28,113.2436346,88
Colombia,2009,Developing,73.6,15,13,4.34,941.6464045,92
Colombia,2008,Developing,73.5,146,14,4.45,978.07041,92
Colombia,2007,Developing,73.5,144,14,4.66,780.5946749,93
Colombia,2006,Developing,73.1,147,15,4.53,62.43710774,93
Colombia,2005,Developing,73.1,144,15,4.38,531.9808176,93
Colombia,2004,Developing,72.8,148,16,4.26,42.17956418,89
Colombia,2003,Developing,72.4,15,16,4.25,417.8038898,92
Colombia,2002,Developing,71.8,163,17,4.45,393.8773633,78
Colombia,2001,Developing,71.5,165,17,4.43,404.4205858,8
Colombia,2000,Developing,71.4,167,18,4.66,477.1341814,78
Comoros,2014,Developing,63.2,23,1,0.01,73.86584922,88
Comoros,2013,Developing,62.9,233,1,0.01,61.57443584,88
Comoros,2012,Developing,62.5,237,2,0.01,78.39008571,89
Comoros,2011,Developing,62.2,241,2,0.12,59.6596497,83
Comoros,2010,Developing,61.8,246,2,0.15,47.30421873,74
Comoros,2009,Developing,61.3,251,2,0.17,56.98952474,83
Comoros,2008,Developing,61,255,2,0.12,93.36788979,81
Comoros,2007,Developing,66,259,2,0.16,9.087638194,75
Comoros,2006,Developing,63,262,2,0.25,77.0283958,69
Comoros,2005,Developing,60,266,2,0.24,69.9675435,68
Comoros,2004,Developing,59.8,269,2,0.27,7.212110766,77
Comoros,2003,Developing,59.6,271,2,0.26,45.09010835,28
Costa Rica,2014,Developing,79.5,96,1,3.45,384.5129138,91
Costa Rica,2013,Developing,79.4,96,1,3.42,386.1379123,94
Costa Rica,2012,Developing,79.2,97,1,3.34,2568.237059,91
Costa Rica,2011,Developing,79,98,1,3.41,2429.854745,84
Costa Rica,2010,Developing,78.1,16,1,3.58,2377.010299,89
Costa Rica,2009,Developing,79.2,96,1,4.07,24.88720369,87
Costa Rica,2008,Developing,78.9,99,1,4.22,1859.095621,89
Costa Rica,2007,Developing,78.9,93,1,4.2,150.8891479,89
Costa Rica,2006,Developing,78,16,1,4.15,1185.412346,88
Costa Rica,2005,Developing,78.6,97,1,4.1,1002.833273,9
Costa Rica,2004,Developing,77.7,12,1,4.09,1043.10795,89
Costa Rica,2003,Developing,78,1,1,4.04,1070.268999,86
Costa Rica,2002,Developing,78.3,99,1,4.17,112.9493745,94
Costa Rica,2001,Developing,77.5,1,1,4.29,868.3713593,8
Costa Rica,2000,Developing,77.6,98,1,4.34,94.17819458,89
Croatia,2014,Developed,77.8,97,0,12.14,1884.098811,95
Croatia,2013,Developed,77.7,97,0,12.39,1899.107385,96
Croatia,2012,Developed,77.1,14,0,11.49,1851.713262,98
Croatia,2011,Developed,77,14,0,12.19,1913.356642,97
Croatia,2010,Developed,76.6,16,0,12.1,206.8868182,97
Croatia,2009,Developed,76.3,19,0,12.21,2160.380199,97
Croatia,2008,Developed,76,116,0,12.06,2425.403891,97
Croatia,2007,Developed,75.8,114,0,12.56,2019.812779,95
Cyprus,2014,Developed,83,53,0,0.01,207.3041936,96
Cyprus,2013,Developed,81,54,0,9.04,212.0859259,96
Cyprus,2012,Developed,80,56,0,10.55,2159.756205,96
Cyprus,2011,Developed,79.7,57,0,10.69,2443.325028,96
Cyprus,2010,Developed,79.5,59,0,11.32,283.3300258,96
Cyprus,2009,Developed,79.3,6,0,10.8,230.2524184,96
Cyprus,2008,Developed,79.1,62,0,12.01,239.6409938,93
Cyprus,2007,Developed,78.9,63,0,11.56,1958.525877,93
Cyprus,2006,Developed,78.8,64,0,11.47,1700.841534,93
Cyprus,2005,Developed,78.7,65,0,11.41,1562.520827,88
Cyprus,2004,Developed,78.6,65,0,13.03,1586.724172,88
Cyprus,2003,Developed,78.5,66,0,10.62,158.7087399,88
Cyprus,2002,Developed,78.4,68,0,11.68,1128.050886,88
Cyprus,2001,Developed,78.2,69,0,10.16,100.8086193,89
Cyprus,2000,Developed,78.1,7,0,9.56,950.8027925,89
Djibouti,2014,Developing,63,252,1,0.38,24.73299655,78
Djibouti,2013,Developing,62.7,256,1,0.53,229.4410095,82
Djibouti,2012,Developing,62.2,263,1,0.52,217.2125786,81
Djibouti,2011,Developing,61.8,268,1,0.39,20.35974738,87
Djibouti,2010,Developing,61.3,273,1,0.44,187.4960097,88
Djibouti,2009,Developing,69,279,1,0.49,177.2671607,89
Djibouti,2008,Developing,62,289,1,0.49,171.7686449,88
Djibouti,2007,Developing,59.8,296,1,0.45,20.86878709,25
Dominican Republic,2014,Developing,73.6,154,6,5.92,1088.244952,89
Dominican Republic,2013,Developing,73.4,157,6,5.93,97.52211538,8
Dominican Republic,2012,Developing,72.1,174,6,5.93,857.1307037,74
Dominican Republic,2011,Developing,73.1,16,6,5.91,843.7876995,8
Dominican Republic,2010,Developing,72.7,166,6,6.02,664.5585242,83
Dominican Republic,2009,Developing,73.6,157,6,6.05,587.8828228,8
Dominican Republic,2008,Developing,73.3,161,6,6.12,49.09241952,81
Dominican Republic,2007,Developing,72.9,164,6,6.05,74.8217488,81
Dominican Republic,2006,Developing,72.3,178,7,6.2,352.9551269,84
Dominican Republic,2005,Developing,69.7,28,7,5.71,289.7418649,87
Dominican Republic,2004,Developing,69.3,214,7,5.16,182.6162515,82
Dominican Republic,2003,Developing,73,22,7,6.32,293.0196601,79
Dominican Republic,2002,Developing,71.4,189,7,6.43,4.67359227,63
Dominican Republic,2001,Developing,71.2,188,7,6.13,340.0239945,66
Dominican Republic,2000,Developing,72,176,7,6.58,44.79247812,68
Ecuador,2014,Developing,76,121,6,3.82,79.11626341,83
Ecuador,2013,Developing,76,121,6,3.77,59.12850204,87
Ecuador,2012,Developing,75.5,127,7,3.92,41.88087712,88
Ecuador,2011,Developing,75.3,131,7,3.99,344.7412164,88
Ecuador,2010,Developing,75,134,7,3.95,367.9285652,9
Ecuador,2009,Developing,75.1,137,7,3.87,282.1440066,91
Ecuador,2008,Developing,74.6,139,7,3.76,197.9303077,93
Ecuador,2007,Developing,74.7,14,7,3.63,19.60467787,94
Ecuador,2006,Developing,74.4,144,8,3.52,19.13983284,96
Ecuador,2005,Developing,74.2,151,8,3.54,18.09317114,92
Ecuador,2004,Developing,74.4,148,8,3.65,16.37920405,88
Ecuador,2003,Developing,74.4,151,8,3.69,18.26183281,82
Ecuador,2002,Developing,73.6,157,8,3.88,187.3843511,75
Ecuador,2001,Developing,73.4,158,9,4.13,14.5887403,69
Ecuador,2000,Developing,72.8,163,9,3.99,84.17527008,36
El Salvador,2014,Developing,73.3,181,2,2.52,665.7260253,93
El Salvador,2013,Developing,73,184,2,2.42,653.6925016,92
El Salvador,2012,Developing,73,181,2,2.48,591.7757569,92
El Salvador,2011,Developing,72,197,2,2.37,549.2783081,89
El Salvador,2010,Developing,72,191,2,2.36,469.3904193,89
El Salvador,2009,Developing,71.4,23,2,2.55,416.4338399,91
El Salvador,2008,Developing,71.7,194,2,2.68,53.95949877,98
El Salvador,2007,Developing,71.2,23,2,2.83,52.30172215,99
El Salvador,2006,Developing,75,211,3,2.77,57.74562629,96
El Salvador,2005,Developing,71,213,3,2.77,440.6027042,89
El Salvador,2004,Developing,70,215,3,2.9,398.6058322,9
El Salvador,2003,Developing,69.9,29,3,3.1,400.1342971,94
El Salvador,2002,Developing,73,24,3,2.97,29.68529375,81
El Salvador,2001,Developing,68.9,219,4,2.88,332.1056586,75
El Salvador,2000,Developing,69,218,4,2.79,353.6690328,99
Equatorial Guinea,2014,Developing,57.9,32,3,0.01,13.40477417,2
Eritrea,2011,Developing,62.9,286,6,0.62,20.97991915,96
Eritrea,2010,Developing,62.1,298,6,0.61,17.35739784,9
Eritrea,2009,Developing,61.4,311,6,0.63,1.575160196,92
Eritrea,2008,Developing,67,322,6,0.49,11.76572311,94
Eritrea,2007,Developing,62,329,6,1.23,11.42385961,91
Eritrea,2006,Developing,59.7,336,7,0.97,10.60269773,94
Eritrea,2005,Developing,59.4,34,7,1.07,5.064688968,96
Eritrea,2004,Developing,59.1,342,7,0.64,10.26097341,84
Eritrea,2003,Developing,58.8,343,7,0.56,6.913998013,91
Eritrea,2002,Developing,58.5,343,7,0.83,0.703132179,86
Estonia,2014,Developing,77.3,122,0,0.01,2700.07305,93
Estonia,2013,Developing,76.9,127,0,0.01,261.2914808,93
Estonia,2012,Developing,76.3,135,0,0.01,2263.103797,94
Estonia,2011,Developing,76.1,138,0,0.01,2146.945741,94
Estonia,2010,Developing,75.6,137,0,14.97,1802.017593,94
Estonia,2009,Developing,74.9,156,0,15.04,1717.088711,95
Estonia,2008,Developing,74.2,167,0,16.99,225.0723618,94
Estonia,2007,Developing,73,189,0,17.87,1904.12469,95
Estonia,2006,Developing,73,188,0,16.58,244.3510801,95
Estonia,2005,Developing,72.8,189,0,15.52,153.5045263,95
Estonia,2004,Developing,72.3,195,0,15.07,101.1201161,9
Ethiopia,2014,Developing,64.2,234,140,0.01,89.95805845,77
Ethiopia,2013,Developing,63.7,237,145,1.86,8.313282039,72
Ethiopia,2012,Developing,63.3,241,150,1.84,86.82551124,69
Ethiopia,2011,Developing,62.6,249,156,1.32,67.77565369,65
Ethiopia,2010,Developing,61.8,261,162,1.34,67.73374413,62
Ethiopia,2009,Developing,68,274,169,1.17,53.77354001,56
Ethiopia,2008,Developing,59.8,289,177,1.13,38.55783268,52
Ethiopia,2007,Developing,58.5,39,186,1.06,30.46451811,47
Fiji,2014,Developing,69.7,19,0,0.01,50.539484,99
Fiji,2013,Developing,69.6,192,0,0.01,460.6487805,99
Fiji,2012,Developing,69.4,195,0,0.01,431.4854874,99
Fiji,2011,Developing,69.2,197,0,0.01,401.7931045,99
Fiji,2010,Developing,69.1,2,0,2.25,62.08343533,99
Fiji,2009,Developing,68.9,23,0,2.31,60.65068446,99
Fiji,2008,Developing,68.7,26,0,1.95,81.04656111,99
Fiji,2007,Developing,68.6,29,0,2.09,5.889526221,99
Fiji,2006,Developing,68.5,211,0,2.06,52.1241634,99
Fiji,2005,Developing,68.3,214,0,2.02,64.39203443,99
Fiji,2004,Developing,68.1,218,0,1.63,43.99452464,99
Fiji,2003,Developing,68,22,0,1.76,253.8196705,99
Fiji,2002,Developing,67.9,22,0,1.85,206.071686,99
Fiji,2001,Developing,67.8,221,0,1.93,20.7119129,98
Fiji,2000,Developing,67.7,221,0,2.05,31.25834616,98
France,2014,Developing,82.2,79,3,11.5,6739.677606,83
France,2013,Developing,82,81,3,11.1,6646.953935,74
France,2012,Developing,81.5,83,3,11.5,751.3793553,78
France,2011,Developing,81.7,83,3,11.8,683.9190568,74
France,2010,Developing,81.3,86,3,11.7,72.8001211,65
France,2009,Developing,81.1,88,3,11.8,6415.35735,51
France,2008,Developing,89,88,3,11.9,7002.785925,47
France,2007,Developing,89,89,3,12.2,64.73714894,42
France,2006,Developing,86,92,3,12.4,5689.991931,39
France,2005,Developing,81,93,3,12.2,5451.701225,35
France,2004,Developing,82,94,3,13.18,5291.234786,35
France,2003,Developing,79.3,99,3,13.49,4572.441963,28
France,2002,Developing,79.2,11,3,13.78,3779.655273,29
France,2001,Developing,79,13,3,13.89,3451.185079,28
France,2000,Developing,78.8,13,3,13.63,3410.284431,26
Gabon,2014,Developing,65.5,237,2,0.01,715.2816939,7
Gabon,2013,Developing,64.6,255,2,8.86,154.8758879,79
Gabon,2012,Developing,63.5,276,2,8.3,805.3925284,82
Gabon,2011,Developing,62.8,289,2,8.9,133.5223672,75
Gabon,2010,Developing,62.3,294,2,8.85,145.318282,67
Gabon,2009,Developing,61.7,31,2,8.64,52.31086276,79
Gabon,2008,Developing,61.6,298,2,8.75,11.05422474,82
Gabon,2007,Developing,61.6,291,2,9.02,545.4389573,75
Gabon,2006,Developing,61.4,288,2,8.01,40.53719812,52
Gabon,2005,Developing,65,37,2,7.72,353.2438029,28
Georgia,2014,Developing,74.5,125,1,6.13,221.482875,91
Georgia,2013,Developing,74.5,128,1,5.91,180.3787034,96
Georgia,2012,Developing,74.2,13,1,7.71,158.2576025,92
Georgia,2011,Developing,73.9,127,1,8.14,198.94876,89
Georgia,2010,Developing,73.8,132,1,7.24,194.1732658,95
Georgia,2009,Developing,73.2,133,1,6.66,18.5314303,54
Georgia,2008,Developing,73.9,128,1,7.17,151.762567,89
Georgia,2007,Developing,74.4,12,1,8.65,106.164686,94
Georgia,2006,Developing,73.9,126,1,6.18,110.1138286,84
Georgia,2005,Developing,73.9,128,1,4.7,9.444875415,79
Georgia,2004,Developing,72.3,134,1,3.74,7.132564768,64
Georgia,2003,Developing,72.7,132,1,3.36,70.54185252,48
Georgia,2002,Developing,71.7,142,2,2.72,60.55818291,51
Georgia,2001,Developing,73,121,2,2.76,57.10318825,61
Georgia,2000,Developing,71.8,129,2,3.28,47.81704183,55
Germany,2014,Developed,89,69,2,11.03,941.7562909,88
Germany,2013,Developed,86,71,2,10.94,895.8779503,88
Germany,2012,Developed,86,71,2,11.18,839.91332,88
Germany,2011,Developed,85,74,2,11.2,869.790735,88
Germany,2010,Developed,81,76,2,11.2,7584.078579,88
Germany,2009,Developed,80,79,2,11.22,7641.270645,88
Germany,2008,Developed,79.9,8,2,11.36,8285.264655,87
Germany,2007,Developed,79.8,82,3,11.5,7777.556353,86
Germany,2006,Developed,79.6,84,3,11.76,6407.535954,87
Germany,2005,Developed,79.2,85,3,11.67,6012.92584,9
Germany,2004,Developed,79.1,86,3,11.83,5842.374765,88
Germany,2003,Developed,78.5,9,3,11.92,582.6157028,9
Germany,2002,Developed,78.4,91,3,12.25,437.1059663,87
Germany,2001,Developed,78.3,92,3,12.46,4057.637383,86
Germany,2000,Developed,78,95,3,12.91,4238.540035,84
Ghana,2014,Developing,62.1,253,37,0.01,97.67794571,98
Ghana,2013,Developing,61.9,254,38,0.01,28.66897829,9
Ghana,2012,Developing,61.6,257,39,0.01,151.899429,92
Ghana,2011,Developing,61.2,263,40,1.64,225.2219474,91
Ghana,2010,Developing,69,267,40,1.69,195.9824626,94
Ghana,2009,Developing,66,271,41,1.76,30.72290501,94
Ghana,2008,Developing,63,275,41,1.78,161.0106435,93
Ghana,2007,Developing,59.9,28,41,1.25,3.181373629,94
Ghana,2006,Developing,59.4,288,41,1.7,129.0263364,84
Ghana,2005,Developing,58.9,296,41,1.5,78.71123825,84
Ghana,2004,Developing,58.3,34,41,1.46,53.23775977,8
Ghana,2003,Developing,57.9,38,41,1.53,31.09435342,8
Ghana,2002,Developing,57.6,31,42,1.6,3.336437969,8
Greece,2014,Developing,88,73,0,7.53,2163.043414,96
Greece,2013,Developing,86,74,0,7.46,2183.106986,98
Greece,2012,Developing,84,76,0,8.2,2528.992935,98
Greece,2011,Developing,85,76,0,8.02,3192.887363,95
Greece,2010,Developing,83,76,0,9,3189.754439,95
Greece,2009,Developing,80,78,0,9.08,372.6854142,95
Greece,2008,Developing,79.9,77,0,9.51,3682.88717,95
Greece,2007,Developing,79.4,8,0,9.67,3632.243121,95
Greece,2006,Developing,79.7,77,0,9.42,318.5806628,94
Greece,2005,Developing,79.3,81,0,9.95,2785.139364,93
Greece,2004,Developing,79.2,81,0,9.56,287.6124519,92
Greece,2003,Developing,79.1,81,0,9.46,2124.921517,92
Greece,2002,Developing,79,81,1,8.09,160.8897265,91
Greece,2001,Developing,78.7,83,1,8.62,1403.022211,9
Greece,2000,Developing,78.2,84,1,8.48,122.1823517,89
Guatemala,2014,Developing,71.7,187,10,1.88,657.5282797,73
Guatemala,2013,Developing,71.4,189,11,1.93,582.1469583,85
Guatemala,2012,Developing,71.3,189,11,2.02,484.7187892,96
Guatemala,2011,Developing,71.1,193,11,2.16,457.7745845,88
Guatemala,2010,Developing,77,196,12,2.14,443.3248254,94
Guatemala,2009,Developing,76,198,12,2.14,445.4423371,92
Guatemala,2008,Developing,79,19,13,2.21,472.2234994,95
Guatemala,2007,Developing,75,192,13,2.4,380.9632429,85
Guatemala,2006,Developing,69.7,24,14,2.38,352.0244894,89
Guatemala,2005,Developing,69.2,28,14,2.35,41.50845637,87
Guinea,2014,Developing,58.1,299,27,0.01,50.57976483,51
Guinea,2013,Developing,58.8,284,27,0.01,5.140668848,63
Guinea,2012,Developing,58.4,288,28,0.01,4.344930862,62
Guinea,2011,Developing,58.1,29,28,0.22,42.2547904,63
Guinea,2010,Developing,57.8,291,29,0.2,29.74734049,64
Guinea,2009,Developing,57.3,297,29,0.18,24.84763562,57
Guinea,2008,Developing,56.8,33,30,0.21,19.68510257,57
Guinea,2007,Developing,56.4,36,31,0.19,1.399626733,57
Guinea-Bissau,2014,Developing,58.4,282,4,0.01,50.06053544,87
Guinea-Bissau,2013,Developing,58.1,279,4,0.01,8.20063742,87
Guinea-Bissau,2012,Developing,57.6,285,4,0.01,0.948526366,87
Guinea-Bissau,2011,Developing,57.1,289,4,3.57,40.45367358,86
Guinea-Bissau,2010,Developing,56.7,287,4,3.21,53.30782696,83
Guinea-Bissau,2009,Developing,56.3,288,4,2.55,47.12969266,8
Guyana,2014,Developing,66,217,0,7.64,4.141293345,98
Guyana,2013,Developing,65.9,218,0,7.56,345.9044258,98
Guyana,2012,Developing,65.8,22,0,7.57,497.4719464,97
Guyana,2011,Developing,65.6,229,0,7.56,536.2332523,93
Guyana,2010,Developing,65.9,221,0,7.52,48.02859441,95
Guyana,2009,Developing,66.1,218,0,7.49,466.6693698,98
Guyana,2008,Developing,66.3,218,1,7.32,493.3279293,93
Guyana,2007,Developing,65.7,232,1,7.2,362.8702271,94
Guyana,2006,Developing,65.2,24,1,7.04,170.6325842,93
Guyana,2005,Developing,65,238,1,7.35,17.46405901,93
Guyana,2004,Developing,65.1,237,1,7.84,1.776181042,91
Guyana,2003,Developing,65.3,237,1,7.93,16.47949015,9
Guyana,2002,Developing,65.3,244,1,7.73,10.9363388,91
Guyana,2001,Developing,65.4,247,1,6.71,15.54978677,85
Haiti,2014,Developing,63.1,245,14,0.01,5.103249438,48
Haiti,2013,Developing,62.7,253,14,5.68,4.989712322,68
Honduras,2014,Developing,74.5,149,3,2.87,345.3776344,97
Honduras,2013,Developing,74.3,15,4,3.11,311.7553193,97
Honduras,2012,Developing,74.1,151,4,3.11,363.5721644,97
Honduras,2011,Developing,73.9,153,4,3.1,32.16407994,97
Honduras,2010,Developing,73.6,156,4,3.1,302.1057507,97
Honduras,2009,Developing,73.4,157,4,3.08,286.1211446,97
Honduras,2008,Developing,73.2,159,4,3.14,231.9112915,92
Honduras,2007,Developing,73,16,5,3.16,222.4823338,93
Honduras,2006,Developing,72.8,161,5,3.23,192.9297829,94
Honduras,2005,Developing,72.5,163,5,3.23,203.7134882,97
Honduras,2004,Developing,72.2,165,5,3.02,188.2499208,93
Honduras,2003,Developing,71.9,166,6,3.04,194.4335736,91
Honduras,2002,Developing,71.6,169,6,3.09,154.8636161,94
Honduras,2001,Developing,71.3,171,6,2.74,15.36175284,95
Honduras,2000,Developing,71,174,6,2.61,28.80831098,93
India,2014,Developing,68,184,957,3.07,86.52153895,79
India,2013,Developing,67.6,187,1000,3.11,67.67230438,7
India,2012,Developing,67.3,19,1100,3.1,64.96964491,73
India,2011,Developing,66.8,193,1100,3,64.6059005,44
India,2010,Developing,66.4,196,1200,2.77,57.73359864,38
India,2009,Developing,66,2,1300,2.5,0.844186331,37
India,2008,Developing,65.5,23,1300,1.93,43.03043312,29
India,2007,Developing,65.2,26,1400,1.59,5.234770324,6
India,2006,Developing,64.8,28,1500,1.37,34.85942671,6
India,2005,Developing,64.4,211,1500,1.27,3.5096369,8
India,2004,Developing,64,214,1600,1.2,27.33800857,6
Indonesia,2014,Developing,68.9,179,119,0.09,200.0684443,78
Indonesia,2013,Developing,68.7,181,124,0.09,22.8478308,85
Indonesia,2012,Developing,68.5,183,129,0.08,254.4688257,83
Indonesia,2011,Developing,68.3,185,134,0.08,211.8783404,81
Indonesia,2010,Developing,68.1,187,138,0.08,190.5453646,83
Indonesia,2009,Developing,67.9,189,143,0.08,125.7980678,82
Indonesia,2008,Developing,67.7,189,149,0.07,10.26341108,82
Indonesia,2007,Developing,67.5,19,154,0.06,102.633435,76
Indonesia,2006,Developing,67.3,191,159,0.06,72.0159316,66
Indonesia,2005,Developing,67.2,19,163,0.06,5.381782562,65
Indonesia,2004,Developing,65.3,213,174,0.06,55.36107207,64
Indonesia,2003,Developing,66.9,189,173,0.05,8.460155758,64
Indonesia,2002,Developing,66.7,189,177,0.05,43.17867291,63
Indonesia,2001,Developing,66.5,188,182,0.06,33.95837125,62
Indonesia,2000,Developing,66.3,188,187,0.06,3.43334364,65
Iraq,2014,Developing,67.9,199,32,0.01,43.5240801,62
Iraq,2013,Developing,69.5,17,32,0.01,447.3695001,66
Iraq,2012,Developing,76,147,32,0.01,429.6625083,61
Iraq,2011,Developing,77,144,32,0.17,285.119726,77
Iraq,2010,Developing,76,145,32,0.19,21.82252494,72
Iraq,2009,Developing,74,148,32,0.2,185.6366983,75
Iraq,2008,Developing,69.3,167,32,0.17,192.1562998,66
Iraq,2007,Developing,65.9,227,31,0.14,146.7606488,56
Iraq,2006,Developing,64.7,249,31,0.03,75.25799773,59
Iraq,2005,Developing,66.8,29,31,0.18,59.18845152,65
Iraq,2004,Developing,67.2,21,30,0.32,44.12059646,62
Ireland,2014,Developed,81.2,66,0,10.75,746.3670453,95
Ireland,2013,Developed,81,67,0,10.49,703.5527332,95
Ireland,2012,Developed,85,69,0,11.49,6616.695125,95
Ireland,2011,Developed,84,7,0,11.72,6386.95437,95
Ireland,2010,Developed,86,68,0,11.88,4509.234803,46
Israel,2014,Developing,82.2,6,1,2.62,4348.33531,97
Israel,2013,Developing,82.1,61,1,2.69,4279.895512,97
Israel,2012,Developing,81.8,6,1,2.78,3830.184587,97
Israel,2011,Developing,81.8,61,1,2.67,3793.161624,98
Israel,2010,Developing,81.7,61,1,2.63,409.4109292,97
Israel,2009,Developing,81.5,63,1,2.55,508.6645438,98
Israel,2008,Developing,81,65,1,2.47,471.5533294,99
Israel,2007,Developing,84,68,1,2.33,4.3451016,99
Israel,2006,Developing,84,68,1,2.23,33.58620657,96
Israel,2005,Developing,80,71,1,2.41,250.9343317,96
Israel,2004,Developing,81,69,1,2.23,1895.342792,99
Israel,2003,Developing,79.7,71,1,2.32,1731.755747,98
Israel,2002,Developing,79.3,74,1,2.47,1701.195787,98
Israel,2001,Developing,79.3,74,1,2.53,22.27332618,96
Israel,2000,Developing,78.9,76,1,2.53,199.9341033,98
Italy,2014,Developed,82.5,57,2,7.56,4831.644796,95
Italy,2013,Developed,82.3,58,2,7.35,483.1916844,96
Italy,2012,Developed,82,6,2,7.49,4793.904924,96
Italy,2011,Developed,82,6,2,6.98,5439.691769,96
Italy,2010,Developed,81.8,6,2,6.95,5219.668802,96
Italy,2009,Developed,81.6,61,2,7.25,5243.316638,96
Italy,2008,Developed,81.5,61,2,7.96,66.37840495,96
Italy,2007,Developed,81.3,63,2,8.37,5228.821581,97
Italy,2006,Developed,81.2,65,2,8.44,473.1915451,96
Italy,2005,Developed,88,66,2,8.65,4506.255963,96
Italy,2004,Developed,89,66,2,8.98,4270.914882,96
Italy,2003,Developed,79.9,72,2,9.3,3519.258515,95
Italy,2002,Developed,80,72,2,9.25,2883.334911,95
Italy,2001,Developed,79.8,75,2,9.69,3.1222302,95
Italy,2000,Developed,79.4,77,3,9.78,31.50582204,94
Jamaica,2014,Developing,75.8,133,1,3.83,427.3054534,92
Jamaica,2013,Developing,75.6,136,1,3.79,5.457289334,93
Jamaica,2012,Developing,75.3,138,1,3.65,37.17108782,96
Jamaica,2011,Developing,75.2,139,1,3.58,33.17529686,92
Jamaica,2010,Developing,75,138,1,3.55,396.6270975,94
Jamaica,2009,Developing,74.7,142,1,3.33,235.7067417,9
Jamaica,2008,Developing,74.5,145,1,3.51,31.76575838,92
Jamaica,2007,Developing,74.2,148,1,3.64,25.62349238,92
Jamaica,2006,Developing,74,15,1,3.63,194.092569,97
Jamaica,2005,Developing,73.5,161,1,3.59,16.97511622,99
Jamaica,2004,Developing,73.3,165,1,3.67,192.3226305,98
Jamaica,2003,Developing,73.1,166,1,3.48,155.5884677,36
Jordan,2014,Developing,74,113,4,0.41,63.8784522,98
Jordan,2013,Developing,73.9,114,4,0.4,546.6235156,98
Jordan,2012,Developing,73.7,115,4,0.41,67.70171064,98
Jordan,2011,Developing,73.6,116,4,0.43,68.86623298,98
Jordan,2010,Developing,73.4,117,4,0.51,715.9709092,98
Jordan,2009,Developing,73.3,118,4,0.59,668.7447334,98
Jordan,2008,Developing,73.1,119,4,0.61,535.2786404,97
Jordan,2007,Developing,73,12,4,0.6,373.2628643,98
Jordan,2006,Developing,72.8,121,4,0.59,313.3626015,98
Jordan,2005,Developing,72.4,127,4,0.55,27.44252286,95
Jordan,2004,Developing,72.5,125,4,0.54,32.52523612,95
Jordan,2003,Developing,72.3,127,4,0.54,228.7838108,97
Jordan,2002,Developing,72.1,129,4,0.54,259.1572375,95
Jordan,2001,Developing,71.9,131,4,0.55,248.697463,97
Jordan,2000,Developing,71.7,133,4,0.49,227.296617,93
Kazakhstan,2014,Developing,69.9,22,5,6.29,24.44473709,95
Kazakhstan,2013,Developing,69.5,28,5,6.48,26.4072659,99
Kazakhstan,2012,Developing,69.1,214,6,6.82,235.3566066,95
Kazakhstan,2011,Developing,68.5,224,7,6.63,179.170133,99
Kazakhstan,2010,Developing,67.8,236,7,6.83,11.1516268,99
Kazakhstan,2009,Developing,67.8,235,7,6.64,808.243302,99
Kazakhstan,2008,Developing,66.6,258,8,7.6,708.3285785,99
Kazakhstan,2007,Developing,65.3,288,8,7.44,499.730412,94
Kazakhstan,2006,Developing,65,295,8,7.08,76.19868936,99
Kazakhstan,2005,Developing,64.6,294,8,6.94,351.8603267,94
Kazakhstan,2004,Developing,64.7,287,8,6.55,33.91660183,99
Kazakhstan,2003,Developing,64.4,282,8,6.58,23.43400762,99
Kazakhstan,2002,Developing,64.7,276,8,5.99,145.1022528,95
Kazakhstan,2001,Developing,64.4,284,8,5.75,12.60883976,95
Kazakhstan,2000,Developing,63.9,292,9,6,112.541157,99
Kenya,2014,Developing,62.9,255,56,0.01,170.9626624,92
Kenya,2013,Developing,62.6,258,58,1.84,165.9304977,93
Kenya,2012,Developing,62.1,263,59,1.81,154.2269697,94
Kenya,2011,Developing,61.2,278,60,1.8,109.7051836,96
Kenya,2010,Developing,63,294,61,1.73,56.58984221,9
Kenya,2009,Developing,59.1,317,62,1.86,7.146851404,88
Kenya,2008,Developing,57.9,339,64,1.71,60.5153506,88
Kenya,2007,Developing,56.8,356,66,1.97,59.83361364,81
Kenya,2006,Developing,55.3,388,68,1.76,52.60385429,8
Kenya,2005,Developing,54.1,412,70,1.82,39.55677502,76
Kenya,2004,Developing,53,432,72,1.43,36.29775249,73
Kenya,2003,Developing,52.4,437,74,1.49,35.85204668,73
Kenya,2002,Developing,52.1,437,76,1.66,32.73674134,84
Kiribati,2014,Developing,66.1,2,0,0.01,97.87193319,75
Kiribati,2013,Developing,65.8,22,0,0.01,137.2591943,95
Kiribati,2012,Developing,65.7,24,0,0.01,147.4549755,94
Kiribati,2011,Developing,65.5,26,0,0.53,30.46703899,95
Kiribati,2010,Developing,65.3,27,0,0.48,18.21661422,91
Kiribati,2009,Developing,65.2,28,0,0.54,162.2903711,86
Kiribati,2008,Developing,65.1,21,0,0.46,167.6201552,83
Kiribati,2007,Developing,65,211,0,0.68,188.7108773,96
Kiribati,2006,Developing,65,212,0,0.76,18.19457876,88
Kiribati,2005,Developing,64.9,213,0,0.6,111.7392134,5
Kiribati,2004,Developing,64.8,214,0,0.48,10.6242741,67
Kiribati,2003,Developing,64.7,215,0,0.5,1.76541345,73
Kiribati,2002,Developing,64.6,217,0,0.49,70.75572222,79
Kiribati,2001,Developing,64.3,219,0,0.6,59.97185848,85
Kiribati,2000,Developing,64.1,222,0,0.46,11.07543331,9
Latvia,2014,Developed,74.4,156,0,0.01,1542.635979,92
Latvia,2013,Developed,74.1,161,0,10.37,150.3116884,94
Latvia,2012,Developed,73.8,163,0,10.21,1356.022164,9
Latvia,2011,Developed,73.6,169,0,10.14,24.70841046,89
Latvia,2010,Developed,72.8,18,0,9.8,1109.969508,91
Latvia,2009,Developed,72.6,184,0,9.85,1137.6237,92
Latvia,2008,Developed,71.9,199,0,11.84,253.4022338,93
Latvia,2007,Developed,78,221,0,12.12,170.9884138,91
Latvia,2006,Developed,75,229,0,10.4,1099.248837,94
Latvia,2005,Developed,76,216,0,9.92,86.9255399,99
Latvia,2004,Developed,71,26,0,8.81,80.0328375,98
Latvia,2003,Developed,78,29,0,8.24,478.0644911,98
Latvia,2002,Developed,73,219,0,7.44,376.4570185,98
Latvia,2001,Developed,69.9,228,0,6.68,332.2751709,96
Latvia,2000,Developed,71,218,0,7.13,291.0170765,95
Lebanon,2014,Developing,74.8,99,1,1.32,140.3771361,81
Lebanon,2013,Developing,74.9,97,1,1.29,14.55610463,81
Lebanon,2012,Developing,75,93,1,1.53,151.1526829,81
Lebanon,2011,Developing,75,93,1,1.57,835.0626827,81
Lebanon,2010,Developing,74.9,94,1,1.58,805.3956346,81
Lebanon,2009,Developing,74.7,95,1,1.62,8.140373615,81
Lebanon,2008,Developing,74.5,98,1,1.67,69.13924862,81
Lebanon,2007,Developing,74.4,98,1,1.72,8.906931168,8
Lebanon,2006,Developing,74.1,1,1,1.82,534.5795695,78
Lebanon,2005,Developing,73.9,11,1,1.94,630.0540723,77
Lebanon,2004,Developing,73.7,13,1,2.1,618.3614858,75
Lebanon,2003,Developing,73.5,15,1,2.19,527.9176618,74
Lebanon,2002,Developing,73.2,17,1,1.98,70.13207838,77
Lebanon,2001,Developing,73,11,1,2.19,510.6035166,8
Lebanon,2000,Developing,72.7,112,1,2.26,404.3879434,83
Lesotho,2014,Developing,52.1,522,4,0.01,162.1278115,93
Lesotho,2013,Developing,52.1,518,4,0.01,153.3443147,93
Lesotho,2012,Developing,52.2,513,4,0.01,168.1348992,95
Lesotho,2011,Developing,52.3,52,4,2.39,195.825251,96
Lesotho,2010,Developing,51.1,527,4,2.71,154.8705998,93
Lesotho,2009,Developing,49.4,566,4,2.75,104.3144732,91
Lesotho,2008,Developing,47.8,592,5,2.75,91.85432774,88
Lesotho,2007,Developing,46.2,633,4,2.69,9.18432717,9
Lesotho,2006,Developing,45.3,654,5,2.61,71.15577609,91
Lesotho,2005,Developing,44.5,675,5,2.67,57.90369752,87
Lesotho,2004,Developing,44.8,666,5,1.8,67.91361818,6
Lesotho,2003,Developing,45.5,648,5,1.99,5.300902041,17
Liberia,2014,Developing,58.1,329,8,0.01,54.37396957,5
Liberia,2013,Developing,61.1,258,9,0.01,45.04892458,76
Liberia,2012,Developing,67,261,9,0.01,48.09891474,8
Liberia,2011,Developing,62,266,9,3.72,60.44658161,77
Liberia,2010,Developing,59.7,272,9,3.64,41.91052416,47
Liberia,2009,Developing,59.2,277,10,3.75,5.592170255,64
Liberia,2008,Developing,58.6,281,10,3.88,40.03344077,64
Lithuania,2014,Developed,73.4,169,0,15.19,2211.744178,94
Lithuania,2013,Developed,73,178,0,15.04,1968.816817,93
Lithuania,2012,Developed,73,176,0,15.14,1807.071336,93
Lithuania,2011,Developed,72.8,18,0,12.66,1758.822757,95
Lithuania,2010,Developed,72.4,188,0,12.9,1423.802386,94
Lithuania,2009,Developed,72.2,192,0,12.4,1446.529217,95
Lithuania,2008,Developed,71.1,224,0,13.3,1888.149904,96
Lithuania,2007,Developed,72,24,0,13.4,1581.511914,96
Lithuania,2006,Developed,76,229,0,12.7,116.504961,95
Lithuania,2005,Developed,78,222,0,12.3,913.699529,95
Lithuania,2004,Developed,71.6,24,0,12.1,76.36187737,94
Lithuania,2003,Developed,71.6,22,0,11.29,80.99710054,95
Lithuania,2002,Developed,71.4,22,0,11,561.9168642,94
Lithuania,2001,Developed,71.2,21,0,10.2,42.87208671,95
Lithuania,2000,Developed,71.6,2,0,9.87,373.2605532,98
Luxembourg,2014,Developed,81.7,65,0,11.12,16255.16198,94
Luxembourg,2013,Developed,81.4,68,0,11.02,15515.75234,94
Luxembourg,2012,Developed,81.1,7,0,11.34,2284.58215,94
Luxembourg,2011,Developed,88,72,0,11.5,17028.52798,95
Luxembourg,2010,Developed,86,73,0,11.36,2267.252192,94
Luxembourg,2009,Developed,83,76,0,11.42,2052.393076,95
Luxembourg,2008,Developed,80,8,0,11.53,18961.3486,94
Luxembourg,2007,Developed,79.7,82,0,11.75,267.051312,87
Luxembourg,2006,Developed,79.4,85,0,11.98,15345.4907,95
Luxembourg,2005,Developed,78.8,9,0,11.84,1346.246697,95
Luxembourg,2004,Developed,78.7,92,0,12.42,12372.05188,94
Luxembourg,2003,Developed,78.6,92,0,12.61,10111.38928,95
Luxembourg,2002,Developed,78.3,95,0,12.91,910.5062778,95
Luxembourg,2001,Developed,78,96,0,12.89,7877.33656,86
Luxembourg,2000,Developed,77.8,98,0,13.14,8246.130437,77
Madagascar,2014,Developing,65.1,225,29,0.01,5.339065673,73
Madagascar,2013,Developing,64.7,23,29,0.87,79.50882493,74
Madagascar,2012,Developing,64.3,235,30,0.87,59.97914461,7
Madagascar,2011,Developing,63.8,241,31,0.97,78.79967196,73
Madagascar,2010,Developing,63.3,248,32,1.03,76.60442169,7
Madagascar,2009,Developing,62.8,254,33,0.91,71.16601203,77
Madagascar,2008,Developing,62.3,259,34,0.68,6.448762615,77
Madagascar,2007,Developing,61.9,261,35,0.71,55.43034455,84
Madagascar,2006,Developing,61.4,263,36,0.68,38.41870375,82
Madagascar,2005,Developing,69,265,37,0.72,33.74786198,81
Madagascar,2004,Developing,64,267,38,0.81,23.72796328,71
Madagascar,2003,Developing,59.9,268,40,0.93,37.12894787,61
Madagascar,2002,Developing,59.3,271,41,0.9,47.5262138,51
Malawi,2014,Developing,57.6,377,27,0.01,59.48744893,91
Malawi,2013,Developing,56.7,394,29,0.01,55.83107625,89
Malawi,2012,Developing,55.3,42,31,0.01,82.76865922,96
Malawi,2011,Developing,54.1,441,32,1.23,13.77617463,97
Malawi,2010,Developing,52.9,462,35,1.08,9.728005297,93
Malawi,2009,Developing,51.5,491,36,1.16,7.915071248,93
Malawi,2008,Developing,50,525,36,1.27,74.34482999,91
Malawi,2007,Developing,48.5,559,37,1.18,4.269511381,87
Malawi,2006,Developing,47.1,587,38,1.18,6.847033785,99
Malawi,2005,Developing,46,66,39,1.04,5.670640102,93
Malawi,2004,Developing,45.1,615,40,1.11,58.13583343,89
Malawi,2003,Developing,44.6,613,43,1.08,4.375316094,84
Malawi,2002,Developing,44,67,46,1.1,3.885394742,64
Malaysia,2014,Developing,74.8,126,4,0.52,721.3655432,96
Malaysia,2013,Developing,74.6,128,3,0.53,110.6779711,96
Malaysia,2012,Developing,74.5,129,3,0.53,101.609245,97
Malaysia,2011,Developing,74.3,13,3,0.51,9.23002632,96
Malaysia,2010,Developing,74.1,131,3,0.49,65.56659662,96
Malaysia,2009,Developing,74,131,3,0.47,431.5452472,96
Malaysia,2008,Developing,73.8,132,3,0.47,438.4519214,97
Malaysia,2007,Developing,73.7,133,3,0.43,409.9812523,96
Malaysia,2006,Developing,73.6,134,3,0.42,365.9113978,95
Malaysia,2005,Developing,73.4,135,3,0.46,297.5913833,96
Malaysia,2004,Developing,73.2,137,3,0.49,315.6639322,94
Malaysia,2003,Developing,73.1,138,3,0.48,264.2496129,95
Malaysia,2002,Developing,72.9,14,4,0.49,216.7029481,95
Malaysia,2001,Developing,72.7,144,4,0.53,210.2417002,95
Malaysia,2000,Developing,72.4,149,4,0.54,23.37167228,97
Maldives,2014,Developing,78.2,62,0,0.01,2051.748615,99
Maldives,2013,Developing,77.9,64,0,0.01,1626.591186,99
Maldives,2012,Developing,77.6,65,0,0.01,1259.940376,99
Maldives,2011,Developing,77.3,67,0,1.92,1079.893546,96
Maldives,2010,Developing,76.7,73,0,1.83,91.13971812,97
Maldives,2009,Developing,76.3,75,0,1.59,100.503021,98
Maldives,2008,Developing,75.9,81,0,1.76,1077.712092,98
Maldives,2007,Developing,75.4,82,0,1.78,6.491488598,98
Maldives,2006,Developing,75,88,0,1.62,659.8499118,98
Maldives,2005,Developing,74.3,93,0,1.47,620.9518909,98
Maldives,2004,Developing,73.4,16,0,1.6,611.9093566,97
Maldives,2003,Developing,72.7,112,0,1.75,491.4978908,98
Maldives,2002,Developing,71.8,124,0,1.95,4.299053392,98
Maldives,2001,Developing,78,129,0,1.98,41.30688803,98
Maldives,2000,Developing,69.6,139,0,1.83,300.1621026,96
Mali,2014,Developing,57.8,272,52,0.01,46.56231672,73
Mali,2013,Developing,57.3,275,53,0.01,36.86104319,69
Mali,2012,Developing,57.2,27,53,0.01,96.5465827,66
Mali,2011,Developing,56.8,271,54,0.61,101.8113996,66
Mali,2010,Developing,56.5,273,54,0.6,9.585584394,72
Mali,2009,Developing,56,276,55,0.59,84.63438925,71
Mali,2008,Developing,55.5,278,55,0.57,102.1413744,74
Mali,2007,Developing,55,282,56,0.55,81.8405007,74
Mali,2006,Developing,54.3,288,57,0.53,67.70920683,9
Mali,2005,Developing,53.6,29,57,0.55,60.21211141,83
Mali,2004,Developing,52.8,296,58,0.49,57.11644801,73
Mali,2003,Developing,52,299,59,0.54,6.660451777,79
Malta,2014,Developed,81.4,55,0,8.49,409.6000248,9
Malta,2013,Developed,81.1,57,0,8.58,374.2947283,94
Malta,2012,Developed,81,58,0,7.67,343.123395,93
Malta,2011,Developed,87,59,0,6.91,3601.287457,82
Malta,2010,Developed,83,62,0,7.91,278.0687051,75
Malta,2009,Developed,82,63,0,7.38,335.5180568,86
Malta,2008,Developed,80,64,0,7.14,2655.573684,86
Malta,2007,Developed,79.6,65,0,7.45,2578.888314,82
Malta,2006,Developed,79.3,66,0,8.84,2380.699796,86
Malta,2005,Developed,79,67,0,6.41,2247.035692,85
Malta,2004,Developed,78.7,69,0,6.53,203.3157499,85
Malta,2003,Developed,78.5,71,0,6.7,1678.392773,89
Mauritania,2014,Developing,63,26,8,0.01,80.92679802,84
Mauritania,2013,Developing,62.7,28,8,0.01,8.88028118,8
Mauritania,2012,Developing,62.5,29,8,0.01,62.48419552,8
Mauritania,2011,Developing,62.2,212,8,0.01,79.27658464,75
Mauritania,2010,Developing,62,214,8,0.01,8.353074798,64
Mauritania,2009,Developing,61.7,215,8,0.01,11.14504291,64
Mauritania,2008,Developing,61.4,217,8,0.02,61.76263795,74
Mauritania,2007,Developing,61.2,219,8,0.02,7.35400072,74
Mauritania,2006,Developing,69,221,8,0.01,55.79836969,68
Mauritania,2005,Developing,66,223,8,0.01,55.12187071,42
Mauritius,2014,Developing,74.2,148,0,0.01,115.2784282,97
Mauritius,2013,Developing,74.1,147,0,0.01,917.467628,98
Mauritius,2012,Developing,73.9,154,0,0.01,915.1859205,98
Mauritius,2011,Developing,73.6,158,0,3.03,918.807245,98
Mauritius,2010,Developing,73.3,163,0,2.95,0.108055973,99
Mauritius,2009,Developing,72.8,166,0,2.83,624.2361828,99
Mauritius,2008,Developing,72.7,166,0,2.49,6.6489825,99
Mauritius,2007,Developing,72.9,161,0,3.24,582.5143743,97
Mauritius,2006,Developing,71.8,165,0,3.73,502.3844946,97
Mauritius,2005,Developing,72.1,168,0,3.94,479.9234077,97
Mauritius,2004,Developing,71.9,168,0,4.16,509.3899943,98
Mauritius,2003,Developing,71.5,174,0,4.08,407.779262,97
Mauritius,2002,Developing,71.5,179,0,4.14,369.6317105,88
Mauritius,2001,Developing,71.5,177,0,4.38,70.15536981,92
Mauritius,2000,Developing,71,177,0,4.6,336.3213326,88
Mexico,2014,Developing,76.6,122,31,5.26,168.173753,84
Mexico,2013,Developing,76.6,12,32,5.23,150.408875,82
Mexico,2012,Developing,76.3,123,33,5.29,112.696486,99
Mexico,2011,Developing,76.1,124,34,5.3,1117.196097,98
Mexico,2010,Developing,75.6,127,35,5.21,1033.039737,93
Mexico,2009,Developing,75.7,13,36,5.27,881.7364327,95
Mexico,2008,Developing,75.6,127,37,5.36,159.8772264,97
Mexico,2007,Developing,76,123,38,5.35,105.7476131,98
Mexico,2006,Developing,75.8,125,40,5.11,980.2537444,98
Mexico,2005,Developing,75.3,126,42,4.93,998.3498049,98
Mexico,2004,Developing,75.4,124,44,4.9,920.8284115,98
Mexico,2003,Developing,75,127,46,4.88,781.2062828,98
Mexico,2002,Developing,75,127,49,4.77,12.1859723,97
Mexico,2001,Developing,75,126,52,4.86,13.31109532,97
Mexico,2000,Developing,74.8,129,55,4.99,10.22840118,97
Mongolia,2014,Developing,68.4,225,1,0.01,281.0023992,99
Mongolia,2013,Developing,68.1,227,1,0.01,241.1958645,98
Mongolia,2012,Developing,67.8,231,1,0.01,253.8285861,99
Mongolia,2011,Developing,67.3,235,1,0.01,257.8403154,99
Mongolia,2010,Developing,66.3,25,1,5.8,22.31624272,96
Mongolia,2009,Developing,66.9,235,1,4.61,134.1678932,97
Mongolia,2008,Developing,67.4,225,2,4.26,181.0123284,96
Mongolia,2007,Developing,65.9,26,2,3.79,126.698109,98
Mongolia,2006,Developing,65,271,2,2.91,122.1206485,98
Mongolia,2005,Developing,64.5,274,2,2.75,98.68367951,98
Mongolia,2004,Developing,64,284,2,1.75,73.24150483,98
Mongolia,2003,Developing,64,271,2,1.31,56.05686428,98
Mongolia,2002,Developing,63.8,263,2,2.43,55.60878216,98
Mongolia,2001,Developing,63.2,266,2,2.87,61.84921903,95
Mongolia,2000,Developing,62.8,274,2,2.79,56.431387,93
Montenegro,2014,Developing,75.9,17,0,0.01,726.0291764,87
Montenegro,2013,Developing,75.8,19,0,0.01,707.144691,9
Montenegro,2012,Developing,75.6,11,0,0.01,648.1331781,9
Montenegro,2011,Developing,75.4,113,0,6.56,666.7374371,91
Montenegro,2010,Developing,75.3,115,0,6.56,635.4849381,9
Montenegro,2009,Developing,75,117,0,6.45,489.6818699,87
Montenegro,2008,Developing,74.6,121,0,6.17,709.1311228,93
Montenegro,2007,Developing,74.2,125,0,4.98,678.5188944,9
Montenegro,2006,Developing,73.8,13,0,5.38,595.7306923,9
Morocco,2014,Developing,74.1,96,18,0.43,198.7343495,99
Morocco,2013,Developing,73.9,97,18,0.45,179.8598949,99
Morocco,2012,Developing,73.6,99,19,0.55,19.15853732,99
Morocco,2011,Developing,73.3,14,19,0.54,22.0945504,98
Morocco,2010,Developing,72.8,11,20,0.56,183.6592186,98
Morocco,2009,Developing,72.3,116,20,0.62,188.2902861,98
Morocco,2008,Developing,71.8,123,21,0.51,171.3658969,97
Morocco,2007,Developing,71.4,128,21,0.56,157.6431445,95
Morocco,2006,Developing,71,133,22,0.58,127.7632005,95
Morocco,2005,Developing,77,137,22,0.47,9.469371264,96
Morocco,2004,Developing,72,142,23,0.56,100.3638322,95
Morocco,2003,Developing,69.9,146,24,0.58,88.16506179,9
Morocco,2002,Developing,69.5,15,25,0.46,66.72933871,92
Morocco,2001,Developing,69,155,26,0.46,71.11645,84
Morocco,2000,Developing,68.6,16,27,0.45,63.42140024,43
Mozambique,2014,Developing,56.7,375,61,0.01,54.91159475,79
Mozambique,2013,Developing,55.3,46,62,1.16,5.813338496,78
Mozambique,2012,Developing,54.8,48,64,1.19,49.90987221,76
Mozambique,2011,Developing,54.3,47,66,0.94,40.80617976,76
Mozambique,2010,Developing,54,47,69,0.96,5.743393664,74
Mozambique,2009,Developing,53.8,4,70,1.18,39.75216936,74
Mozambique,2008,Developing,53.2,45,72,1.48,0.796915785,75
Mozambique,2007,Developing,52.1,425,74,1.03,53.9502789,75
Mozambique,2006,Developing,51.2,434,78,1.2,58.59644487,75
Mozambique,2005,Developing,58,434,80,1.23,67.33378735,75
Mozambique,2004,Developing,54,429,82,1.54,46.58195631,76
Mozambique,2003,Developing,51,424,85,1.68,42.52689559,76
Mozambique,2002,Developing,49.8,416,87,2.16,40.82597077,76
Mozambique,2001,Developing,49.5,48,90,2.09,37.82511936,25
Myanmar,2014,Developing,66.4,21,40,0.01,45.33788677,88
Myanmar,2013,Developing,66.2,22,42,0.7,38.33793462,75
Myanmar,2012,Developing,65.9,25,44,0.55,38.4279083,58
Myanmar,2011,Developing,65.6,27,47,0.33,21.23698847,4
Myanmar,2010,Developing,65.4,29,49,0.3,17.48293752,92
Myanmar,2009,Developing,65.2,211,52,0.28,11.05247903,91
Myanmar,2008,Developing,59.2,296,59,0.3,9.53048032,85
Myanmar,2007,Developing,64.5,217,58,0.26,0.5305728,85
Myanmar,2006,Developing,64.2,22,61,0.28,4.632776304,75
Myanmar,2005,Developing,63.9,224,64,0.28,2.793843188,62
Myanmar,2004,Developing,63.5,228,66,0.44,4.15451614,39
Myanmar,2003,Developing,63.2,231,69,0.4,3.824212472,8
Namibia,2014,Developing,65.9,242,2,0.01,751.3982719,88
Namibia,2013,Developing,66.1,232,3,0.01,760.6550553,89
Namibia,2012,Developing,65.8,232,3,0.01,796.8734263,84
Namibia,2011,Developing,64.3,268,3,7.84,7.896234931,82
Namibia,2010,Developing,63,299,3,7.58,719.5535161,83
Nepal,2014,Developing,69.6,158,18,0.01,8.523486403,92
Nepal,2013,Developing,69.3,162,19,0.27,80.15505125,92
Nepal,2012,Developing,68.9,167,20,0.26,80.58788376,9
Nepal,2011,Developing,68.4,172,22,0.27,112.1229028,92
Nepal,2010,Developing,68,178,23,0.24,84.62302524,82
Nepal,2009,Developing,67.5,183,25,0.22,6.19357029,89
Nepal,2008,Developing,67,189,27,0.21,70.27113179,82
Nepal,2007,Developing,66.6,194,29,0.2,52.22906505,82
Nepal,2006,Developing,66,21,31,0.2,45.87989927,69
Nepal,2005,Developing,65.4,28,33,0.2,4.259752532,41
Nepal,2004,Developing,64.7,218,35,0.21,31.93187316,27
Nepal,2003,Developing,64.3,22,38,0.2,2.79096532,2
Netherlands,2014,Developed,81.7,58,1,0.01,1491.703605,92
Netherlands,2013,Developed,81.4,6,1,8.68,1475.030397,51
Netherlands,2012,Developed,81.1,62,1,9.05,1162.656768,2
Netherlands,2011,Developed,81.1,63,1,8.96,1047.370244,2
Nicaragua,2014,Developing,74.5,148,2,3.55,473.1238124,98
Nicaragua,2013,Developing,73.9,157,2,3.58,366.4841804,98
Nicaragua,2012,Developing,73.9,157,2,3.63,334.8174246,98
Nicaragua,2011,Developing,74.5,147,3,3.39,321.6132593,98
Nicaragua,2010,Developing,73.2,154,3,3.38,302.7045411,98
Nicaragua,2009,Developing,73.2,163,3,3.36,292.753101,98
Nicaragua,2008,Developing,72.5,169,3,3.64,275.064434,97
Nicaragua,2007,Developing,72.5,173,3,3.83,253.0007812,93
Nicaragua,2006,Developing,73,17,3,3.69,21.41123529,88
Nicaragua,2005,Developing,71.2,194,3,3.7,218.5716179,86
Nicaragua,2004,Developing,71,194,4,3.81,36.81621175,79
Nicaragua,2003,Developing,76,198,4,3.77,2.542436908,86
Nicaragua,2002,Developing,75,197,4,3.5,2.092343893,85
Nicaragua,2001,Developing,73,193,4,3.51,22.35595448,87
Nicaragua,2000,Developing,73,192,4,3.61,15.25518816,83
Niger,2014,Developing,61.4,223,49,0.01,3.304039899,68
Niger,2013,Developing,69,227,49,0.01,31.50243237,67
Niger,2012,Developing,63,232,49,0.01,29.75517982,71
Niger,2011,Developing,59.4,241,50,0.15,32.22493445,75
Niger,2010,Developing,58.2,252,50,0.12,5.883760536,7
Niger,2009,Developing,57.1,263,51,0.11,5.665405066,71
Nigeria,2014,Developing,53.6,362,490,0.01,263.2111031,49
Nigeria,2013,Developing,53.2,367,498,8.3,194.2032879,46
Nigeria,2012,Developing,52.7,374,505,8.54,204.7186256,42
Nigeria,2011,Developing,52.3,375,513,8.75,187.5733187,46
Nigeria,2010,Developing,52,374,521,8.9,133.1230872,49
Nigeria,2009,Developing,51.6,376,527,9.05,14.5676468,63
Nigeria,2008,Developing,59,386,536,9.3,105.5910629,41
Nigeria,2007,Developing,55,388,542,9.55,104.4746444,42
Nigeria,2006,Developing,49.8,396,549,9.66,10.35779424,27
Nigeria,2005,Developing,49.2,4,556,9.71,6.416252787,18
Pakistan,2014,Developing,66.2,162,359,0.01,62.29361092,72
Pakistan,2013,Developing,66,163,365,0.04,60.18648815,72
Pakistan,2012,Developing,65.7,165,369,0.04,59.65900139,72
Pakistan,2011,Developing,65.5,167,371,0.04,57.87736282,74
Pakistan,2010,Developing,65.1,172,372,0.04,0.66751505,82
Pakistan,2009,Developing,64.8,175,371,0.03,0.697215581,78
Pakistan,2008,Developing,64.6,177,369,0.03,5.447133608,65
Pakistan,2007,Developing,64.4,178,367,0.03,3.912744517,75
Pakistan,2006,Developing,64.2,179,365,0.03,40.36829999,78
Pakistan,2005,Developing,62.9,2,364,0.04,30.59320769,7
Pakistan,2004,Developing,63.7,183,364,0.01,28.98323119,65
Pakistan,2003,Developing,63.5,185,366,0.01,24.23455671,63
Panama,2014,Developing,77.6,119,1,6.74,1842.463782,8
Panama,2013,Developing,77.5,118,1,6.89,1694.467075,8
Panama,2012,Developing,77.2,12,1,6.95,201.7490628,85
Panama,2011,Developing,77.3,121,1,6.9,119.2124275,87
Panama,2010,Developing,76.5,122,1,6.94,1199.319976,94
Panama,2009,Developing,76.8,127,1,6.87,1092.155356,85
Panama,2008,Developing,76.5,127,1,6.74,956.8229765,86
Panama,2007,Developing,76.4,124,1,6.16,76.2508038,85
Panama,2006,Developing,76.2,125,1,5.72,631.1251711,88
Panama,2005,Developing,75.8,122,1,5.53,623.9100503,92
Panama,2004,Developing,75.8,123,1,5.69,527.60848,95
Panama,2003,Developing,75.5,126,1,5.52,58.45976019,98
Panama,2002,Developing,75.7,125,1,5.52,78.80940216,98
Panama,2001,Developing,75.5,124,2,5.43,7.320514461,98
Papua New Guinea,2014,Developing,62.7,278,10,0.01,208.2311603,67
Papua New Guinea,2013,Developing,62.4,281,10,0.01,25.70881695,73
Papua New Guinea,2012,Developing,62.2,284,10,0.01,31.6357652,68
Papua New Guinea,2011,Developing,62,285,10,0.88,23.40731286,66
Papua New Guinea,2010,Developing,61.8,286,10,0.79,18.99961966,56
Papua New Guinea,2009,Developing,61.6,288,11,0.82,20.53327531,66
Papua New Guinea,2008,Developing,61.4,29,11,0.81,103.7277727,59
Papua New Guinea,2007,Developing,61.1,295,11,0.71,85.7175381,61
Papua New Guinea,2006,Developing,68,299,11,0.64,126.6142137,71
Papua New Guinea,2005,Developing,64,37,11,0.84,12.05551997,63
Papua New Guinea,2004,Developing,59.9,314,11,0.58,158.001946,6
Papua New Guinea,2003,Developing,59.6,321,11,0.59,124.3789361,67
Papua New Guinea,2002,Developing,59.3,327,11,0.61,110.9803062,6
Papua New Guinea,2001,Developing,59.1,331,11,0.68,93.37278497,59
Papua New Guinea,2000,Developing,58.9,335,11,0.73,62.56273841,57
Paraguay,2014,Developing,73.9,147,3,0.01,561.7684701,87
Paraguay,2013,Developing,73.8,148,3,5.03,573.4346982,86
Paraguay,2012,Developing,73.6,148,3,5.36,441.8446244,87
Paraguay,2011,Developing,73.4,15,3,5.79,472.1932825,89
Paraguay,2010,Developing,73.2,152,3,5.65,359.9760397,89
Paraguay,2009,Developing,73,155,3,5.39,30.93519548,85
Paraguay,2008,Developing,72.7,157,3,6.14,34.73924576,87
Paraguay,2007,Developing,72.5,159,3,5.61,318.6201852,86
Paraguay,2006,Developing,72.3,161,3,5.61,26.18072382,92
Paraguay,2005,Developing,72.1,163,3,6.38,20.68037294,92
Paraguay,2004,Developing,71.9,165,3,6.2,20.60083027,9
Paraguay,2003,Developing,71.7,166,4,6.64,155.4233076,86
Peru,2014,Developing,75.3,125,8,0.01,973.728675,88
Peru,2013,Developing,75.3,125,8,5.38,946.6521165,88
Peru,2012,Developing,74.9,129,9,5.14,885.9858185,95
Peru,2011,Developing,74.5,133,9,4.83,759.5380695,91
Peru,2010,Developing,73.7,14,10,4.72,69.43934508,93
Peru,2009,Developing,73.8,14,10,4.69,570.4532468,93
Peru,2008,Developing,73.9,138,11,4.85,58.4989742,93
Peru,2007,Developing,74,133,11,4.29,516.4037021,93
Peru,2006,Developing,74.2,134,12,4.22,448.7670462,94
Peru,2005,Developing,72.8,148,13,4.44,411.5645653,94
Peru,2004,Developing,72.2,151,14,4.27,356.9393805,92
Peru,2003,Developing,72.1,152,15,4.5,34.70333523,65
Philippines,2014,Developing,68.4,214,54,4.52,31.27232188,67
Philippines,2013,Developing,68.1,219,55,4.61,24.58973399,89
Philippines,2012,Developing,68.1,217,56,5.02,212.7418488,88
Philippines,2011,Developing,68,218,57,4.96,191.4949779,87
Philippines,2010,Developing,67.9,218,58,4.85,198.2563794,77
Philippines,2009,Developing,68,219,59,4.42,159.5348489,85
Philippines,2008,Developing,67.5,217,60,4.21,155.4767618,88
Philippines,2007,Developing,67.5,216,62,4.19,137.327474,87
Philippines,2006,Developing,67.3,219,63,4.08,121.3625467,77
Philippines,2005,Developing,67,223,65,4.22,105.7306982,49
Philippines,2004,Developing,67.3,218,66,4.45,13.39905105,48
Philippines,2003,Developing,67.2,217,67,4.44,0.901149288,52
Philippines,2002,Developing,66.8,221,68,4.42,0.09987219,42
Philippines,2001,Developing,66.8,221,68,4.54,69.0204245,45
Philippines,2000,Developing,66.8,219,69,4.73,11.69704463,7
Poland,2014,Developed,77.3,12,2,10.71,243.808475,96
Poland,2013,Developed,77.1,12,2,11.63,23.43533487,96
Poland,2012,Developed,76.8,125,2,10.81,230.040097,97
Poland,2011,Developed,76.7,128,2,10.93,250.0773782,98
Poland,2010,Developed,76.3,13,2,10.59,220.4916851,98
Poland,2009,Developed,75.7,136,2,10.7,1299.159757,98
Poland,2008,Developed,75.5,14,2,11.4,15.71474837,98
Poland,2007,Developed,75.3,144,2,10.9,14.3042452,98
Poland,2006,Developed,75.2,144,2,10.4,9.1455559,98
Poland,2005,Developed,75,144,2,9.5,79.41502672,98
Poland,2004,Developed,74.9,143,2,9.19,648.0743453,98
Poland,2003,Developed,74.7,142,3,9.06,542.0235,97
Poland,2002,Developed,74.5,145,3,8.02,516.0554391,98
Poland,2001,Developed,74.2,149,3,7.74,466.7383106,95
Poland,2000,Developed,73.7,153,3,8.4,412.4323974,99
Portugal,2014,Developed,89,78,0,9.88,271.2545531,98
Portugal,2013,Developed,86,79,0,10,2698.01817,98
Portugal,2012,Developed,83,81,0,11.96,331.457035,98
Portugal,2011,Developed,82,85,0,11.92,3108.288623,97
Portugal,2010,Developed,79.6,88,0,12.25,3119.349824,97
Portugal,2009,Developed,79.3,9,0,12.03,337.1023516,96
Portugal,2008,Developed,79,92,0,12.35,3652.869332,97
Portugal,2007,Developed,78.7,94,0,12.57,333.3569124,97
Portugal,2006,Developed,78.5,96,0,13.11,2884.020194,97
Portugal,2005,Developed,77.7,11,0,13.33,2813.985285,94
Portugal,2004,Developed,78,99,0,13.45,276.0999798,94
Portugal,2003,Developed,77.3,15,0,14.21,2283.891796,94
Portugal,2002,Developed,77.2,17,1,12,1904.00231,82
Portugal,2001,Developed,76.9,11,1,12.22,1657.328352,7
Portugal,2000,Developed,76.6,11,1,11.89,167.3280168,58
Romania,2014,Developed,74.8,135,2,0.01,1.576409172,94
Romania,2013,Developed,74.6,138,2,9.59,1230.748231,96
Romania,2012,Developed,74.4,138,2,9.58,1078.358105,96
Romania,2011,Developed,74.3,139,2,9.1,10.32588862,96
Romania,2010,Developed,73.4,153,2,9,983.2518091,98
Romania,2009,Developed,73.1,158,2,10.4,14.96373588,95
Romania,2008,Developed,73.1,159,2,11.9,128.0805702,97
Romania,2007,Developed,72.9,154,3,10.6,919.1673438,99
Romania,2006,Developed,72.5,157,3,8.51,665.6427546,99
Romania,2005,Developed,71.9,162,3,7.68,615.4030781,98
Romania,2004,Developed,71.7,165,4,9.82,431.3250367,99
Romania,2003,Developed,71.1,174,4,8.78,375.1740323,98
Romania,2002,Developed,77,178,4,9.62,37.82275031,99
Romania,2001,Developed,78,179,4,9.78,180.1095132,98
Romania,2000,Developed,77,175,4,10.16,152.6368899,98
Russian Federation,2014,Developing,73,225,13,10.12,1340.553699,97
Russian Federation,2013,Developing,70,229,14,10.58,1529.497771,97
Russian Federation,2012,Developing,69.6,237,14,10.99,178.8225911,97
Russian Federation,2011,Developing,69.4,242,14,11.04,184.764931,97
Russian Federation,2010,Developing,68.4,256,15,11.05,162.8088054,97
Russian Federation,2009,Developing,68.2,261,15,11.21,137.0063357,98
Russian Federation,2008,Developing,67.5,278,16,12.04,161.7301654,98
Russian Federation,2007,Developing,67.3,282,16,12.19,11.02617159,98
Russian Federation,2006,Developing,66.4,3,17,11.79,12.25184084,98
Russian Federation,2005,Developing,65,327,18,11.57,625.5081805,97
Russian Federation,2004,Developing,64.9,321,19,11.5,46.51559476,96
Russian Federation,2003,Developing,64.6,322,20,11.32,333.2148711,94
Russian Federation,2002,Developing,64.8,313,20,10.87,266.5416917,81
Russian Federation,2001,Developing,65.1,38,21,10.47,2.642527148,43
Rwanda,2014,Developing,65.7,23,12,0.01,7.549797238,98
Rwanda,2013,Developing,65.2,233,12,0.01,11.71090655,98
Rwanda,2012,Developing,64.6,239,13,0.01,9.774676411,98
Rwanda,2011,Developing,63.8,247,14,8.34,9.074569426,97
Rwanda,2010,Developing,62.8,26,16,7.92,63.78723633,97
Rwanda,2009,Developing,61,288,17,7.11,9.165614959,97
Rwanda,2008,Developing,68,282,18,6.39,0.661540371,97
Rwanda,2007,Developing,59.6,295,20,6.78,7.409771603,97
Rwanda,2006,Developing,57.6,328,22,6.88,78.47020226,99
Rwanda,2005,Developing,55.3,37,24,7.01,39.44666715,95
Rwanda,2004,Developing,53.4,397,26,6.75,31.93566186,89
Rwanda,2003,Developing,52,48,29,6.66,33.30286123,96
Rwanda,2002,Developing,57,415,31,7.82,1.9659778,88
Samoa,2014,Developing,73.8,128,0,0.01,660.2777923,56
Samoa,2013,Developing,73.6,131,0,0.01,698.3522786,6
Samoa,2012,Developing,73.2,136,0,0.01,492.0552263,64
Samoa,2011,Developing,73,139,0,2.15,558.7206486,58
Samoa,2010,Developing,72.6,144,0,3.01,434.7940679,57
Samoa,2009,Developing,76,172,0,2.88,42.12368374,44
Samoa,2008,Developing,72.5,146,0,3.97,47.35260547,12
Samoa,2007,Developing,72.2,149,0,3.85,47.73638191,46
Samoa,2006,Developing,72,153,0,3.52,40.22855669,35
Samoa,2005,Developing,71.6,16,0,3.63,287.4671305,41
Samoa,2004,Developing,71.4,162,0,3.62,310.6117683,54
Samoa,2003,Developing,79,169,0,4.17,24.99717134,83
Samoa,2002,Developing,76,174,0,3.3,208.1688437,86
Samoa,2001,Developing,75,175,0,3.43,199.4118322,89
Samoa,2000,Developing,72,18,0,3,21.2543002,89
Sao Tome and Principe,2014,Developing,67.3,191,0,0.01,225.7307751,95
Sao Tome and Principe,2013,Developing,67.1,192,0,0.01,200.6600988,97
Sao Tome and Principe,2012,Developing,66.9,194,0,0.01,8.198047581,96
Sao Tome and Principe,2011,Developing,66.6,198,0,5.69,7.495401346,96
Sao Tome and Principe,2010,Developing,66.2,24,0,5.58,63.04032682,98
Sao Tome and Principe,2009,Developing,65.8,21,0,4.13,11.13608747,98
Sao Tome and Principe,2008,Developing,65.4,215,0,4.36,62.8565863,99
Sao Tome and Principe,2007,Developing,65.1,217,0,4.14,49.93698173,87
Sao Tome and Principe,2006,Developing,64.7,22,0,5.46,47.08931143,75
Sao Tome and Principe,2005,Developing,64.3,222,0,5.27,10.8139134,96
Sao Tome and Principe,2004,Developing,63.8,224,0,5.78,9.013493879,7
Sao Tome and Principe,2003,Developing,63.4,225,0,6.54,86.42744056,43
Senegal,2014,Developing,66.4,192,19,0.26,12.80528533,89
Senegal,2013,Developing,66,196,20,0.26,11.8385319,92
Senegal,2012,Developing,65.6,2,20,0.28,10.20659464,91
Senegal,2011,Developing,64.9,26,20,0.32,1.431051664,92
Senegal,2010,Developing,64.3,212,21,0.28,1.020071763,89
Senegal,2009,Developing,63.5,219,21,0.3,1.177477677,86
Senegal,2008,Developing,62.8,225,22,0.28,1.08833088,88
Senegal,2007,Developing,62.1,23,22,0.32,8.309152927,94
Senegal,2006,Developing,61.3,236,23,0.34,10.43022617,89
Senegal,2005,Developing,65,242,23,0.33,96.03725103,84
Senegal,2004,Developing,59.7,247,24,0.35,66.02236299,54
Serbia,2014,Developing,75.4,123,1,9.09,8.617208431,92
Serbia,2013,Developing,75.3,122,1,9.16,880.6403367,91
Serbia,2012,Developing,74.9,126,1,9.38,742.5109709,97
Serbia,2011,Developing,74.6,127,1,9.56,915.3190791,94
Serbia,2010,Developing,74.4,128,1,9.65,774.4396617,89
Serbia,2009,Developing,74.1,131,1,9.85,820.8109098,93
Serbia,2008,Developing,74,132,1,9.54,96.33237912,93
Serbia,2007,Developing,73.8,132,1,9.3,772.8700353,99
Serbia,2006,Developing,73.6,133,1,8.58,541.8243468,93
Serbia,2005,Developing,73,135,1,9.6,503.1115947,65
Serbia,2004,Developing,73,134,1,7.42,462.7076756,89
Seychelles,2014,Developing,73,17,0,0.01,151.1045552,99
Seychelles,2013,Developing,72.9,172,0,0.01,1521.672751,99
Seychelles,2012,Developing,72.7,174,0,0.01,177.2633961,99
Seychelles,2011,Developing,72.6,177,0,9.72,1121.475547,99
Seychelles,2010,Developing,72.4,18,0,6.51,16.49232317,99
Seychelles,2009,Developing,72.3,182,0,4.94,75.2256582,99
Seychelles,2008,Developing,72.2,184,0,6.33,701.8526364,99
Seychelles,2007,Developing,72.2,185,0,8.12,916.4741775,99
Seychelles,2006,Developing,72.2,185,0,8.12,102.373909,99
Seychelles,2005,Developing,72.2,185,0,7.82,21.4653132,99
Seychelles,2004,Developing,72.1,186,0,7.91,12.94324581,99
Seychelles,2003,Developing,72.1,185,0,7.41,843.1186662,99
Seychelles,2002,Developing,72.1,186,0,11.15,562.3601848,99
Seychelles,2001,Developing,72,187,0,6.72,643.7035752,96
Seychelles,2000,Developing,71.8,188,0,8.24,601.7608115,98
Sierra Leone,2014,Developing,48.1,463,23,0.01,1.443286353,83
Sierra Leone,2013,Developing,54,47,23,0.01,1.321464076,92
Sierra Leone,2012,Developing,49.7,411,25,0.01,54.56033696,91
Sierra Leone,2011,Developing,48.9,418,26,3.78,54.6659175,89
Sierra Leone,2010,Developing,48.1,424,27,3.84,5.347717533,86
Sierra Leone,2009,Developing,47.1,433,28,3.97,49.8371267,84
Sierra Leone,2008,Developing,46.2,441,29,3.91,5.379606465,77
Sierra Leone,2007,Developing,45.3,45,29,3.86,45.57108889,63
Solomon Islands,2014,Developing,68.8,183,0,0.01,3.718438799,88
Solomon Islands,2013,Developing,68.8,182,0,0.01,24.73328608,94
Solomon Islands,2012,Developing,68.7,184,0,0.01,247.9492284,99
Solomon Islands,2011,Developing,68.5,186,0,0.99,229.6687488,99
Solomon Islands,2010,Developing,68.3,188,0,1.1,29.5207994,9
Solomon Islands,2009,Developing,68.1,192,0,1.21,244.3976438,92
Solomon Islands,2008,Developing,68,193,0,1.09,19.74929219,89
Solomon Islands,2007,Developing,67.6,2,0,0.85,28.90135229,9
Solomon Islands,2006,Developing,67.6,2,0,0.99,240.4851202,99
Solomon Islands,2005,Developing,67.4,24,0,0.9,25.31155956,83
Solomon Islands,2004,Developing,67.1,29,0,1.18,195.5259417,81
Solomon Islands,2003,Developing,66.8,215,0,1.18,16.83170578,79
Solomon Islands,2002,Developing,66.5,22,0,1.08,156.2847968,75
Solomon Islands,2001,Developing,66.2,227,0,0.7,325.1114746,83
Solomon Islands,2000,Developing,65.8,235,0,0.71,4.24926073,81
South Africa,2014,Developing,62,347,42,7.38,922.0507313,8
South Africa,2013,Developing,69,371,43,7.34,978.5905287,7
South Africa,2012,Developing,59.2,48,43,7.38,1089.954838,68
South Africa,2011,Developing,58.9,413,43,7.38,123.753335,76
South Africa,2010,Developing,58,428,43,7.28,1038.885632,71
South Africa,2009,Developing,56.5,449,46,7.6,782.5987144,74
South Africa,2008,Developing,55.3,473,50,8.19,780.0336423,76
South Africa,2007,Developing,54.5,486,51,8.48,805.490079,83
South Africa,2006,Developing,54,496,54,8.5,732.1255305,83
South Africa,2005,Developing,53.8,498,55,8.69,709.3170967,79
South Africa,2004,Developing,53.7,497,55,6.96,622.043809,76
South Africa,2003,Developing,54,485,55,6.93,519.1563781,71
South Africa,2002,Developing,54.9,459,54,7.04,346.5316007,72
South Africa,2001,Developing,56,429,52,7.38,365.2585722,72
South Africa,2000,Developing,57.3,397,51,7.3,45.96380839,73
Spain,2014,Developed,82.6,58,1,0.01,42.98847625,96
Spain,2013,Developed,82.4,6,1,9.25,423.680459,95
Spain,2012,Developed,82,61,1,9.35,4255.781693,96
Spain,2011,Developed,82.1,63,1,9.62,4873.8188,97
Spain,2010,Developed,81.9,64,1,9.78,578.7417172,97
Spain,2009,Developed,81.6,66,2,9.99,5047.254058,96
Spain,2008,Developed,81.3,7,2,10.24,5596.535203,97
Spain,2007,Developed,89,72,2,11.05,510.9327012,96
Spain,2006,Developed,88,73,2,11.86,4460.390006,97
Spain,2005,Developed,81,77,2,11.92,405.4475981,96
Spain,2004,Developed,81,79,2,11.96,3715.370095,97
Spain,2003,Developed,79.4,83,2,12.09,3205.019918,81
Spain,2002,Developed,79.5,83,2,12.26,228.3543024,82
Spain,2001,Developed,79.4,84,2,9.86,2044.169761,83
Spain,2000,Developed,79.1,86,2,11.12,1934.398154,77
Sri Lanka,2014,Developing,74.7,141,3,2.37,42.7308283,99
Sri Lanka,2013,Developing,74.6,142,3,2.56,41.62053588,99
Sri Lanka,2012,Developing,74.5,143,3,2.8,20.76877311,99
Sri Lanka,2011,Developing,74.5,141,3,3.03,20.83302367,99
Sri Lanka,2010,Developing,74.5,138,3,2.31,191.7267589,99
Sri Lanka,2009,Developing,71.8,183,4,2.05,13.39092189,97
Sri Lanka,2008,Developing,72.3,172,4,2.1,17.81424344,98
Sri Lanka,2007,Developing,73.7,146,4,2.29,127.6377505,98
Sri Lanka,2006,Developing,73.8,145,4,1.96,120.2471713,98
Sri Lanka,2005,Developing,74.2,138,4,1.97,97.76637062,99
Sri Lanka,2004,Developing,69.1,197,6,1.56,15.35342268,62
Sri Lanka,2003,Developing,73.9,146,5,1.69,72.4280894,32
Suriname,2014,Developing,71.4,178,0,6.32,1132.432517,85
Suriname,2013,Developing,71.2,179,0,6.02,1122.972967,86
Suriname,2012,Developing,71.3,178,0,5.73,1168.324095,84
Suriname,2011,Developing,76,187,0,5.64,989.1263558,86
Suriname,2010,Developing,73,19,0,5.26,99.08095375,86
Suriname,2009,Developing,70,196,0,5.13,885.0739766,87
Suriname,2008,Developing,69.8,196,0,4.94,815.4355995,84
Suriname,2007,Developing,69.5,22,0,4.72,685.0299083,84
Suriname,2006,Developing,69.3,199,0,4.52,72.800168,84
Suriname,2005,Developing,68.9,25,0,4.47,418.9206608,83
Swaziland,2014,Developing,58.4,382,2,0.01,574.3895102,98
Swaziland,2013,Developing,57.6,393,2,0.01,708.9556648,98
Swaziland,2012,Developing,56.5,412,2,0.01,720.2333929,95
Swaziland,2011,Developing,55,438,2,5.2,735.7090978,91
Swaziland,2010,Developing,53.6,459,2,4.93,56.93670561,89
Swaziland,2009,Developing,52.6,46,3,4.9,47.6164523,88
Swaziland,2008,Developing,51.4,477,3,4.87,413.0063027,9
Swaziland,2007,Developing,50,51,3,5.55,43.3664999,92
Swaziland,2006,Developing,47.8,564,3,5.53,437.0802438,93
Swaziland,2005,Developing,46,63,3,5.08,372.1651473,95
Swaziland,2004,Developing,45.6,69,3,5.78,37.43857664,93
Swaziland,2003,Developing,45.9,6,3,5.65,2.819124474,9
Swaziland,2002,Developing,46.4,587,3,5.52,131.0421269,88
Swaziland,2001,Developing,47.1,568,3,6.72,143.6197316,86
Swaziland,2000,Developing,48.4,536,3,7.19,25.21683318,83
Sweden,2014,Developed,82.3,54,0,7.3,1142.212403,67
Sweden,2013,Developed,81.9,57,0,7.3,1212.666327,67
Sweden,2012,Developed,81.7,57,0,7.4,10947.02327,53
Sweden,2011,Developed,81.7,58,0,7.4,11477.6671,42
Syrian Arab Republic,2007,Developing,73.8,121,8,0.83,17.98136184,83
Syrian Arab Republic,2006,Developing,73.7,123,8,0.97,122.6523334,83
Syrian Arab Republic,2005,Developing,73.5,127,9,0.92,116.2585943,83
Syrian Arab Republic,2004,Developing,73.2,131,9,0.93,10.21129783,82
Syrian Arab Republic,2003,Developing,73,134,9,1.29,94.75639211,81
Syrian Arab Republic,2002,Developing,72.8,135,9,1.25,91.70356833,8
Syrian Arab Republic,2001,Developing,72.7,135,10,1.29,93.50075111,8
Syrian Arab Republic,2000,Developing,72.6,136,10,1.41,81.7274712,79
Tajikistan,2014,Developing,69.6,162,10,0.01,7.829008596,97
Tajikistan,2013,Developing,69.3,163,10,0.01,1.0419164,96
Tajikistan,2012,Developing,68.8,164,10,0.01,71.50892145,94
Tajikistan,2011,Developing,68.1,166,10,0.32,51.9919227,96
Tajikistan,2010,Developing,67.3,171,10,0.32,43.34099958,93
Tajikistan,2009,Developing,66.7,174,10,0.3,35.71613793,93
Tajikistan,2008,Developing,66.4,178,10,0.32,4.153362912,86
Tajikistan,2007,Developing,66.1,181,10,0.35,2.272404904,84
Tajikistan,2006,Developing,65.9,183,10,0.38,2.626234903,88
Tajikistan,2005,Developing,65.5,194,10,0.37,19.83672308,81
Tajikistan,2004,Developing,65.9,177,11,0.38,2.093721752,81
Tajikistan,2003,Developing,65.2,182,11,0.36,13.25723997,58
Tajikistan,2002,Developing,64.3,193,12,0.6,10.68147485,39
Thailand,2014,Developing,74.6,152,8,6.41,789.0772949,99
Thailand,2013,Developing,74.5,153,9,6.5,788.6873403,99
Thailand,2012,Developing,74.3,154,9,6.56,801.0504655,98
Thailand,2011,Developing,74.1,155,10,6.07,748.4451054,98
Thailand,2010,Developing,73.9,158,10,5.95,71.6850913,98
Thailand,2009,Developing,73.7,16,11,5.88,547.2101411,98
Thailand,2008,Developing,73.5,162,11,5.92,609.9511632,98
Thailand,2007,Developing,73.3,165,12,6.2,520.7639087,96
Thailand,2006,Developing,73,168,13,6.18,433.9210918,96
Thailand,2005,Developing,72.5,177,13,6.26,321.1953005,96
Thailand,2004,Developing,71.6,189,14,6.17,301.3597791,96
Thailand,2003,Developing,71.7,189,15,6.14,282.8364612,96
Thailand,2002,Developing,71.4,192,16,5.93,27.63810304,95
Thailand,2001,Developing,71.2,194,17,5.92,176.0625201,95
Thailand,2000,Developing,71.1,194,18,5.88,0.27564826,95
Timor-Leste,2014,Developing,68,155,2,0.01,28.14578503,77
Timor-Leste,2013,Developing,67.7,158,2,0.01,3.379874844,82
Timor-Leste,2012,Developing,67.4,159,2,0.01,30.17998548,83
Timor-Leste,2011,Developing,67.2,161,2,0.5,2.726570602,67
Timor-Leste,2010,Developing,66.9,163,2,0.1,38.58376645,72
Timor-Leste,2009,Developing,66.6,165,2,0.09,36.199487,72
Timor-Leste,2008,Developing,66.2,168,2,0.06,36.69198927,79
Togo,2014,Developing,59.7,285,13,0.01,4.877350139,87
Togo,2013,Developing,59.4,287,14,0.01,48.73047089,84
Togo,2012,Developing,58.9,294,14,0.01,41.60027954,84
Togo,2011,Developing,58.3,34,14,1.44,39.08258546,85
Togo,2010,Developing,57.4,323,14,1.21,41.96145465,83
Togo,2009,Developing,56.7,336,14,1.24,77.09551224,78
Togo,2008,Developing,56.2,344,14,1.33,69.35924758,24
Tonga,2014,Developing,73.3,135,0,0.01,565.9672173,8
Tonga,2013,Developing,73.2,137,0,0.01,584.9449886,82
Tonga,2012,Developing,73,138,0,0.01,63.80294988,77
Tonga,2011,Developing,72.9,14,0,0.96,7.033980828,82
Tonga,2010,Developing,72.8,142,0,1.24,471.8307668,82
Tonga,2009,Developing,72.5,147,0,1.08,4.783805563,84
Tonga,2008,Developing,72.6,145,0,1.1,569.6255035,84
Tonga,2007,Developing,72.5,146,0,2.05,568.8692813,87
Tonga,2006,Developing,72.4,148,0,1.79,503.5881956,89
Tonga,2005,Developing,72.3,15,0,1.57,689.9440223,89
Tonga,2004,Developing,72.2,151,0,1.8,423.2953509,9
Tonga,2003,Developing,72,153,0,1.79,45.85105771,85
Tonga,2002,Developing,71.9,155,0,1.51,310.8203382,88
Tonga,2001,Developing,71.8,157,0,1.35,330.1007394,91
Tonga,2000,Developing,71.6,158,0,1.24,40.49128897,93
Trinidad and Tobago,2014,Developing,71.1,171,0,6.94,1578.872339,92
Trinidad and Tobago,2013,Developing,71,172,0,6.71,167.2657906,92
Trinidad and Tobago,2012,Developing,78,174,0,6.7,1486.236406,92
Trinidad and Tobago,2011,Developing,76,176,0,6.5,144.9850711,9
Trinidad and Tobago,2010,Developing,74,179,0,6.5,1389.772683,9
Trinidad and Tobago,2009,Developing,71,183,0,6.37,128.0896289,9
Trinidad and Tobago,2008,Developing,69.9,185,0,6.41,1902.693048,9
Trinidad and Tobago,2007,Developing,69.7,187,0,6.37,136.8836683,89
Trinidad and Tobago,2006,Developing,69.6,188,0,6.35,103.3710689,89
Trinidad and Tobago,2005,Developing,69.5,189,0,6.12,1187.949491,95
Trinidad and Tobago,2004,Developing,69.4,19,0,5.82,11.85100131,94
Trinidad and Tobago,2003,Developing,69.3,191,0,5.53,78.72216127,76
Trinidad and Tobago,2002,Developing,69.2,192,0,5.12,72.03911741,5
Tunisia,2014,Developing,75.1,12,3,1.39,604.8701316,98
Tunisia,2013,Developing,74.9,13,3,1.29,594.6453102,98
Tunisia,2012,Developing,74.9,13,3,1.3,585.8776761,97
Tunisia,2011,Developing,74.8,13,3,1.29,623.2120325,98
Tunisia,2010,Developing,74.8,12,3,1.28,64.85616718,98
Tunisia,2009,Developing,74.7,12,3,1.4,585.6307861,99
Tunisia,2008,Developing,74.7,12,3,1.37,53.08451654,99
Tunisia,2007,Developing,74.6,12,3,1.24,469.6282925,98
Tunisia,2006,Developing,74.4,12,3,1.46,420.1153538,99
Tunisia,2005,Developing,74.2,14,3,1.37,379.5139945,97
Tunisia,2004,Developing,74,15,3,1.36,379.7659054,96
Tunisia,2003,Developing,73.7,17,4,1.34,321.7694175,92
Tunisia,2002,Developing,73.5,19,4,1.17,262.8184944,93
Tunisia,2001,Developing,73.2,11,4,1.19,257.2878697,94
Tunisia,2000,Developing,72.9,112,4,1.21,264.7842196,94
Turkey,2014,Developing,75.5,17,16,1.45,181.9083783,96
Turkey,2013,Developing,75.2,19,17,1.41,188.1440348,97
Turkey,2012,Developing,74.8,112,19,1.54,20.75120211,97
Turkey,2011,Developing,74.5,114,20,1.53,1275.877569,96
Turkey,2010,Developing,74.2,116,21,1.49,32.78235828,96
Turkey,2009,Developing,73.9,118,23,1.4,106.9482898,94
Turkey,2008,Developing,73.5,121,25,1.39,22.67271848,92
Turkey,2007,Developing,73.2,124,26,1.26,115.5801103,96
Turkey,2006,Developing,72.8,126,28,1.29,103.523776,82
Turkey,2005,Developing,72.4,129,30,1.29,832.9552058,85
Turkey,2004,Developing,72,132,33,1.35,1.132766775,77
Turkey,2003,Developing,71.6,135,35,1.42,459.1113061,68
Turkey,2002,Developing,71.2,138,38,1.47,35.55729,72
Turkey,2001,Developing,78,14,41,1.49,256.4341746,77
Turkey,2000,Developing,74,143,44,1.54,421.2956602,71
Turkmenistan,2014,Developing,66,217,7,2.9,691.1333535,97
Turkmenistan,2013,Developing,65.4,228,7,2.93,63.7481117,98
Turkmenistan,2012,Developing,65.6,22,7,2.75,579.4128244,98
Turkmenistan,2011,Developing,65.6,217,7,2.55,490.4181326,97
Turkmenistan,2010,Developing,65.8,211,7,2.48,385.325164,96
Turkmenistan,2009,Developing,65.6,215,6,2.35,37.88466056,97
Turkmenistan,2008,Developing,64.5,235,6,2.4,34.23979419,96
Turkmenistan,2007,Developing,64.1,241,6,2.58,0.358651421,98
Turkmenistan,2006,Developing,63.7,245,6,2.71,29.27235366,98
Turkmenistan,2005,Developing,63.3,248,6,2.85,2.19888585,99
Turkmenistan,2004,Developing,63.5,238,6,2.86,186.1013972,96
Turkmenistan,2003,Developing,63.4,231,7,2.88,179.6156482,97
Turkmenistan,2002,Developing,63.3,229,7,2.33,130.3784829,96
Uganda,2014,Developing,61.5,38,68,0.01,14.16770158,78
Uganda,2013,Developing,67,325,71,0.01,90.76144414,78
Uganda,2012,Developing,60,339,73,0.01,92.88697859,78
Uganda,2011,Developing,59.3,347,76,10.22,94.49686776,82
Uganda,2010,Developing,58.4,362,79,10.03,116.202964,8
Uganda,2009,Developing,57.5,378,82,9.63,87.04534954,79
Uganda,2008,Developing,56.3,41,84,9.79,72.85023656,71
Uganda,2007,Developing,55.5,41,88,9.65,6.002527685,73
Uganda,2006,Developing,54.9,41,93,9.81,50.83901418,64
Uganda,2005,Developing,53.2,446,99,10.09,44.52614001,64
Uganda,2004,Developing,51.3,485,104,9.89,36.60609252,62
Uganda,2003,Developing,51,53,109,10.16,4.426792406,44
Uganda,2002,Developing,48.8,523,112,10.42,2.690897842,29
Ukraine,2014,Developing,78,23,4,8.06,5.663849328,22
Ukraine,2013,Developing,71,198,4,8.44,52.42529588,46
Ukraine,2012,Developing,77,25,5,8.44,453.7830847,46
Ukraine,2011,Developing,75,24,5,8.48,415.1627705,21
Ukraine,2010,Developing,69.8,212,5,8.39,375.6835376,48
Ukraine,2009,Developing,69.2,231,5,8.71,324.5491348,66
Ukraine,2008,Developing,67.7,273,5,9.46,456.4586664,84
Ukraine,2007,Developing,67.5,277,5,8.86,46.19685449,92
Ukraine,2006,Developing,67.7,267,5,7.99,29.38172706,96
Ukraine,2005,Developing,67,278,5,7.31,217.4345257,97
Ukraine,2004,Developing,67.4,267,5,6.79,180.3537859,98
Ukraine,2003,Developing,67.6,256,6,5.92,21.22386354,77
Ukraine,2002,Developing,67.6,256,6,4.89,115.738974,48
Ukraine,2001,Developing,67.7,253,6,4.31,8.897421459,7
Ukraine,2000,Developing,67.5,257,6,4.49,7.883791474,4
Uruguay,2014,Developing,76.8,117,0,6.03,463.6397821,95
Uruguay,2013,Developing,76.8,117,0,5.82,482.8039445,94
Uruguay,2012,Developing,76.5,118,0,5.77,339.7190493,95
Uruguay,2011,Developing,77,111,0,5.97,417.9117441,95
Uruguay,2010,Developing,76.3,118,0,6.21,2331.532804,95
Uruguay,2009,Developing,76.6,118,0,6.67,1871.736563,95
Uruguay,2008,Developing,76.4,119,1,6.76,24.73142261,94
Uruguay,2007,Developing,75.4,124,1,6.67,14.47305874,94
Uruguay,2006,Developing,76.2,117,1,6.58,1712.225506,95
Uruguay,2005,Developing,75.7,123,1,6.35,152.5448405,96
Uruguay,2004,Developing,75.4,122,1,5.66,882.356362,94
Uruguay,2003,Developing,75.4,121,1,5.11,160.8400141,91
Uruguay,2002,Developing,75.4,124,1,5.86,27.46880965,95
Uruguay,2001,Developing,75.2,123,1,6.48,421.4804282,94
Uruguay,2000,Developing,75.1,131,1,6.65,645.9583816,92
Uzbekistan,2014,Developing,69.2,184,16,0.01,0.442802404,99
Uzbekistan,2013,Developing,69.1,185,17,0.01,19.1624696,99
Uzbekistan,2012,Developing,68.8,184,18,0.01,16.71406295,99
Uzbekistan,2011,Developing,68.5,183,19,2.83,140.6905284,99
Uzbekistan,2010,Developing,68.3,183,20,2.73,119.4571154,99
Uzbekistan,2009,Developing,68,183,21,2.56,92.81479759,98
Uzbekistan,2008,Developing,67.9,184,22,2.36,13.89021225,91
Uzbekistan,2007,Developing,67.8,184,22,2.15,9.290983645,99
Uzbekistan,2006,Developing,67.6,185,23,1.96,77.27092119,98
Uzbekistan,2005,Developing,67.3,192,24,1.78,40.13342094,99
Uzbekistan,2004,Developing,67.8,183,24,1.59,34.41887163,99
Uzbekistan,2003,Developing,67.2,183,25,1.54,28.52135777,99
Uzbekistan,2002,Developing,67.1,186,27,1.47,24.99438738,62
Vanuatu,2014,Developing,71.7,134,0,0.01,564.8167043,64
Vanuatu,2013,Developing,71.6,135,0,0.01,447.545645,64
Vanuatu,2012,Developing,71.4,138,0,0.01,427.9885222,64
Vanuatu,2011,Developing,71.2,141,0,0.85,457.9731742,63
Vanuatu,2010,Developing,71,145,0,0.91,471.8626525,62
Vanuatu,2009,Developing,78,149,0,0.83,361.0940984,62
Vanuatu,2008,Developing,75,153,0,1.18,345.339056,61
Vanuatu,2007,Developing,73,157,0,1.01,342.4908556,6
Vanuatu,2006,Developing,71,161,0,1,43.19780767,59
Vanuatu,2005,Developing,69.9,165,0,0.88,337.2942846,61
Vanuatu,2004,Developing,69.6,169,0,0.85,334.1673373,63
Vanuatu,2003,Developing,69.4,173,0,1.2,27.29839073,64
Vanuatu,2002,Developing,69.3,176,0,1.24,171.1373611,66
Vanuatu,2001,Developing,69.1,179,0,0.91,163.105292,68
Vanuatu,2000,Developing,69,18,0,1.21,21.90075232,7
Zambia,2014,Developing,61.1,314,28,0.01,196.6675768,86
Zambia,2013,Developing,63,328,29,2.41,20.62306285,79
Zambia,2012,Developing,59.2,349,29,2.59,196.9152496,78
Zambia,2011,Developing,58.2,366,29,2.57,183.0461695,81
Zambia,2010,Developing,58,363,30,2.47,184.3649102,83
Zambia,2009,Developing,57.4,368,30,2.3,143.8698873,94
Zambia,2008,Developing,55.7,45,31,2.12,153.6783754,87
Zambia,2007,Developing,52.6,487,32,2.08,10.85148218,8
Zambia,2006,Developing,58,526,33,2.25,1.860003739,81
Zambia,2005,Developing,49.3,554,34,2.33,121.879331,82
Zimbabwe,2014,Developing,59.2,371,23,6.5,10.82259524,91
Zimbabwe,2013,Developing,58,399,25,6.39,10.66670728,95
Zimbabwe,2012,Developing,56.6,429,26,6.09,92.60233636,97
Zimbabwe,2011,Developing,54.9,464,28,6,63.75053034,94
Zimbabwe,2010,Developing,52.4,527,29,5.21,53.30858081,9
Zimbabwe,2009,Developing,50,587,30,4.64,1.040021112,73
Zimbabwe,2008,Developing,48.2,632,30,3.56,20.84342867,75
Zimbabwe,2007,Developing,46.6,67,29,3.88,29.81456607,72
Zimbabwe,2006,Developing,45.4,7,28,4.57,34.26216876,68
Zimbabwe,2005,Developing,44.6,717,28,4.14,8.7174087,65
Zimbabwe,2004,Developing,44.3,723,27,4.36,0,68
Zimbabwe,2003,Developing,44.5,715,26,4.06,0,7
Zimbabwe,2002,Developing,44.8,73,25,4.43,0,73
Zimbabwe,2001,Developing,45.3,686,25,1.72,0,76
Zimbabwe,2000,Developing,46,665,24,1.68,0,79
